source_artifact,schema_version,method,seed,run_segment,global_step,wall_time_seconds,selected_candidate_id,selected_k,selected_event_rank,selected_source,selected_modules,selected_module_count,rank_increments,pre_total_active_rank,post_total_active_rank,total_active_rank,pre_active_parameter_count,post_active_parameter_count,active_model_parameter_count,runtime_trainable_parameter_count,target_active_parameter_count,budget_used,remaining_hard_budget,zero_rank_patience,zero_growth,allocation_stopped,stop_reason
NLU/output/glue/rte_allocator/genetic_budgeted_calibrated/ali_last_seed41_budget0.94/telemetry.jsonl,rank_telemetry.v1,genetic_budgeted_calibrated,41,0,200,186.24985137400017,candidate_000,5,5,calibrated_greedy_anchor,"[""deberta.encoder.layer.5.intermediate.dense"",""deberta.encoder.layer.8.attention.self.value_proj"",""deberta.encoder.layer.9.attention.output.dense"",""deberta.encoder.layer.9.intermediate.dense"",""deberta.encoder.layer.10.attention.output.dense""]",5,"{""deberta.encoder.layer.10.attention.output.dense"":1,""deberta.encoder.layer.5.intermediate.dense"":1,""deberta.encoder.layer.8.attention.self.value_proj"":1,""deberta.encoder.layer.9.attention.output.dense"":1,""deberta.encoder.layer.9.intermediate.dense"":1}",72,77,77,758090,770383,770383,936271,868607,770383,98224,0,false,false,
NLU/output/glue/rte_allocator/genetic_budgeted_calibrated/ali_last_seed41_budget0.94/telemetry.jsonl,rank_telemetry.v1,genetic_budgeted_calibrated,41,0,300,287.74054733400044,candidate_003,1,1,calibrated_greedy_neighborhood,"[""deberta.encoder.layer.9.attention.output.dense""]",1,"{""deberta.encoder.layer.9.attention.output.dense"":1}",77,78,78,770383,771920,771920,937808,868607,771920,96687,0,false,false,
NLU/output/glue/rte_allocator/genetic_budgeted_calibrated/ali_last_seed41_budget0.94/telemetry.jsonl,rank_telemetry.v1,genetic_budgeted_calibrated,41,0,400,391.9427682080004,candidate_003,1,1,calibrated_greedy_neighborhood,"[""deberta.encoder.layer.6.attention.self.key_proj""]",1,"{""deberta.encoder.layer.6.attention.self.key_proj"":1}",78,79,79,771920,773457,773457,939345,868607,773457,95150,0,false,false,
NLU/output/glue/rte_allocator/genetic_budgeted_calibrated/ali_last_seed41_budget0.94/telemetry.jsonl,rank_telemetry.v1,genetic_budgeted_calibrated,41,0,500,493.6615230719999,candidate_005,1,1,calibrated_greedy_neighborhood,"[""deberta.encoder.layer.7.intermediate.dense""]",1,"{""deberta.encoder.layer.7.intermediate.dense"":1}",79,80,80,773457,777298,777298,943186,868607,777298,91309,0,false,false,
NLU/output/glue/rte_allocator/genetic_budgeted_calibrated/ali_last_seed41_budget0.94/telemetry.jsonl,rank_telemetry.v1,genetic_budgeted_calibrated,41,0,600,593.4023707269998,candidate_001,1,1,calibrated_greedy_neighborhood,"[""deberta.encoder.layer.6.attention.output.dense""]",1,"{""deberta.encoder.layer.6.attention.output.dense"":1}",80,81,81,777298,778835,778835,944723,868607,778835,89772,0,false,false,
NLU/output/glue/rte_allocator/genetic_budgeted_calibrated/ali_last_seed41_budget0.94/telemetry.jsonl,rank_telemetry.v1,genetic_budgeted_calibrated,41,0,700,697.6184196739996,candidate_002,5,5,calibrated_global_ga,"[""deberta.encoder.layer.3.output.dense"",""deberta.encoder.layer.4.output.dense"",""deberta.encoder.layer.6.attention.output.dense"",""deberta.encoder.layer.10.output.dense"",""deberta.encoder.layer.11.intermediate.dense""]",5,"{""deberta.encoder.layer.10.output.dense"":1,""deberta.encoder.layer.11.intermediate.dense"":1,""deberta.encoder.layer.3.output.dense"":1,""deberta.encoder.layer.4.output.dense"":1,""deberta.encoder.layer.6.attention.output.dense"":1}",81,86,86,778835,795736,795736,961624,868607,795736,72871,0,false,false,
NLU/output/glue/rte_allocator/genetic_budgeted_calibrated/ali_last_seed41_budget0.94/telemetry.jsonl,rank_telemetry.v1,genetic_budgeted_calibrated,41,0,800,798.3761323190001,candidate_001,1,1,calibrated_greedy_neighborhood,"[""deberta.encoder.layer.2.intermediate.dense""]",1,"{""deberta.encoder.layer.2.intermediate.dense"":1}",86,87,87,795736,799577,799577,965465,868607,799577,69030,0,false,false,
NLU/output/glue/rte_allocator/genetic_budgeted_calibrated/ali_last_seed41_budget0.94/telemetry.jsonl,rank_telemetry.v1,genetic_budgeted_calibrated,41,0,900,902.5417846460005,candidate_006,0,0,calibrated_zero_rank,[],0,{},87,87,87,799577,799577,799577,965465,868607,799577,69030,1,true,false,
NLU/output/glue/rte_allocator/genetic_budgeted_calibrated/ali_last_seed41_budget0.94/telemetry.jsonl,rank_telemetry.v1,genetic_budgeted_calibrated,41,0,1000,1005.4640539809998,candidate_003,1,1,calibrated_greedy_neighborhood,"[""deberta.encoder.layer.11.attention.output.dense""]",1,"{""deberta.encoder.layer.11.attention.output.dense"":1}",87,88,88,799577,801114,801114,967002,868607,801114,67493,0,false,false,
NLU/output/glue/rte_allocator/genetic_budgeted_calibrated/ali_last_seed41_budget0.94/telemetry.jsonl,rank_telemetry.v1,genetic_budgeted_calibrated,41,0,1100,1109.4239066549999,candidate_001,2,2,calibrated_greedy_neighborhood,"[""deberta.encoder.layer.5.attention.output.dense"",""deberta.encoder.layer.6.intermediate.dense""]",2,"{""deberta.encoder.layer.5.attention.output.dense"":1,""deberta.encoder.layer.6.intermediate.dense"":1}",88,90,90,801114,806492,806492,972380,868607,806492,62115,0,false,false,
NLU/output/glue/rte_allocator/genetic_budgeted_calibrated/ali_last_seed41_budget0.94/telemetry.jsonl,rank_telemetry.v1,genetic_budgeted_calibrated,41,0,1200,1212.9907381880003,candidate_005,5,5,calibrated_global_ga,"[""deberta.encoder.layer.2.attention.output.dense"",""deberta.encoder.layer.4.attention.output.dense"",""deberta.encoder.layer.5.attention.output.dense"",""deberta.encoder.layer.7.attention.self.value_proj"",""deberta.encoder.layer.8.intermediate.dense""]",5,"{""deberta.encoder.layer.2.attention.output.dense"":1,""deberta.encoder.layer.4.attention.output.dense"":1,""deberta.encoder.layer.5.attention.output.dense"":1,""deberta.encoder.layer.7.attention.self.value_proj"":1,""deberta.encoder.layer.8.intermediate.dense"":1}",90,95,95,806492,816481,816481,982369,868607,816481,52126,0,false,false,
NLU/output/glue/rte_allocator/genetic_budgeted_calibrated/ali_last_seed41_budget0.94/telemetry.jsonl,rank_telemetry.v1,genetic_budgeted_calibrated,41,0,1300,1315.4087185380004,candidate_001,2,2,calibrated_greedy_neighborhood,"[""deberta.encoder.layer.1.intermediate.dense"",""deberta.encoder.layer.6.attention.self.value_proj""]",2,"{""deberta.encoder.layer.1.intermediate.dense"":1,""deberta.encoder.layer.6.attention.self.value_proj"":1}",95,97,97,816481,821859,821859,987747,868607,821859,46748,0,false,false,
NLU/output/glue/rte_allocator/genetic_budgeted_calibrated/ali_last_seed41_budget0.94/telemetry.jsonl,rank_telemetry.v1,genetic_budgeted_calibrated,41,0,1400,1415.3586830659997,candidate_000,5,5,calibrated_greedy_anchor,"[""deberta.encoder.layer.0.attention.self.value_proj"",""deberta.encoder.layer.3.intermediate.dense"",""deberta.encoder.layer.5.intermediate.dense"",""deberta.encoder.layer.7.attention.output.dense"",""deberta.encoder.layer.7.intermediate.dense""]",5,"{""deberta.encoder.layer.0.attention.self.value_proj"":1,""deberta.encoder.layer.3.intermediate.dense"":1,""deberta.encoder.layer.5.intermediate.dense"":1,""deberta.encoder.layer.7.attention.output.dense"":1,""deberta.encoder.layer.7.intermediate.dense"":1}",97,102,102,821859,836456,836456,1002344,868607,836456,32151,0,false,false,
NLU/output/glue/rte_allocator/genetic_budgeted_calibrated/ali_last_seed41_budget0.94/telemetry.jsonl,rank_telemetry.v1,genetic_budgeted_calibrated,41,0,1500,1514.528217008,candidate_006,0,0,calibrated_zero_rank,[],0,{},102,102,102,836456,836456,836456,1002344,868607,836456,32151,1,true,false,
NLU/output/glue/rte_allocator/genetic_budgeted_calibrated/ali_last_seed41_budget0.94/telemetry.jsonl,rank_telemetry.v1,genetic_budgeted_calibrated,41,0,1600,1616.4129149769997,candidate_002,5,5,calibrated_global_ga,"[""deberta.encoder.layer.1.intermediate.dense"",""deberta.encoder.layer.2.intermediate.dense"",""deberta.encoder.layer.3.output.dense"",""deberta.encoder.layer.5.attention.output.dense"",""deberta.encoder.layer.11.output.dense""]",5,"{""deberta.encoder.layer.1.intermediate.dense"":1,""deberta.encoder.layer.11.output.dense"":1,""deberta.encoder.layer.2.intermediate.dense"":1,""deberta.encoder.layer.3.output.dense"":1,""deberta.encoder.layer.5.attention.output.dense"":1}",102,107,107,836456,853357,853357,1019245,868607,853357,15250,0,false,false,
NLU/output/glue/rte_allocator/genetic_budgeted_calibrated/ali_last_seed41_budget0.94/telemetry.jsonl,rank_telemetry.v1,genetic_budgeted_calibrated,41,0,1700,1695.615430103,,0,0,allocation_stopped_consolidation,[],0,{},107,107,107,853357,853357,853357,853357,868607,853357,15250,0,true,true,minimum_consolidation_window
NLU/output/glue/rte_allocator/genetic_budgeted_calibrated/ali_last_seed41_budget0.94/telemetry.jsonl,rank_telemetry.v1,genetic_budgeted_calibrated,41,0,1800,1770.452446102,,0,0,allocation_stopped_consolidation,[],0,{},107,107,107,853357,853357,853357,853357,868607,853357,15250,0,true,true,minimum_consolidation_window
NLU/output/glue/rte_allocator/genetic_budgeted_calibrated/ali_last_seed41_budget0.94/telemetry.jsonl,rank_telemetry.v1,genetic_budgeted_calibrated,41,0,1900,1848.2074815160004,,0,0,allocation_stopped_consolidation,[],0,{},107,107,107,853357,853357,853357,853357,868607,853357,15250,0,true,true,minimum_consolidation_window
NLU/output/glue/rte_allocator/genetic_budgeted_calibrated/ali_last_seed42_budget0.94/telemetry.jsonl,rank_telemetry.v1,genetic_budgeted_calibrated,42,0,200,187.64842321000015,candidate_006,0,0,calibrated_zero_rank,[],0,{},72,72,72,758090,758090,758090,923978,883767,758090,125677,1,true,false,
NLU/output/glue/rte_allocator/genetic_budgeted_calibrated/ali_last_seed42_budget0.94/telemetry.jsonl,rank_telemetry.v1,genetic_budgeted_calibrated,42,0,300,293.0669973889999,candidate_006,0,0,calibrated_zero_rank,[],0,{},72,72,72,758090,758090,758090,758090,883767,758090,125677,2,true,true,zero_rank_patience_exhausted
NLU/output/glue/rte_allocator/genetic_budgeted_calibrated/ali_last_seed42_budget0.94/telemetry.jsonl,rank_telemetry.v1,genetic_budgeted_calibrated,42,0,400,370.75645180599986,,0,0,allocation_stopped_consolidation,[],0,{},72,72,72,758090,758090,758090,758090,883767,758090,125677,2,true,true,zero_rank_patience_exhausted
NLU/output/glue/rte_allocator/genetic_budgeted_calibrated/ali_last_seed42_budget0.94/telemetry.jsonl,rank_telemetry.v1,genetic_budgeted_calibrated,42,0,500,448.23442805300056,,0,0,allocation_stopped_consolidation,[],0,{},72,72,72,758090,758090,758090,758090,883767,758090,125677,2,true,true,zero_rank_patience_exhausted
NLU/output/glue/rte_allocator/genetic_budgeted_calibrated/ali_last_seed42_budget0.94/telemetry.jsonl,rank_telemetry.v1,genetic_budgeted_calibrated,42,0,600,528.635077422,,0,0,allocation_stopped_consolidation,[],0,{},72,72,72,758090,758090,758090,758090,883767,758090,125677,2,true,true,zero_rank_patience_exhausted
NLU/output/glue/rte_allocator/genetic_budgeted_calibrated/ali_last_seed42_budget0.94/telemetry.jsonl,rank_telemetry.v1,genetic_budgeted_calibrated,42,0,700,606.5905651879993,,0,0,allocation_stopped_consolidation,[],0,{},72,72,72,758090,758090,758090,758090,883767,758090,125677,2,true,true,zero_rank_patience_exhausted
NLU/output/glue/rte_allocator/genetic_budgeted_calibrated/ali_last_seed42_budget0.94/telemetry.jsonl,rank_telemetry.v1,genetic_budgeted_calibrated,42,0,800,683.2512663059997,,0,0,allocation_stopped_consolidation,[],0,{},72,72,72,758090,758090,758090,758090,883767,758090,125677,2,true,true,zero_rank_patience_exhausted
NLU/output/glue/rte_allocator/genetic_budgeted_calibrated/ali_last_seed42_budget0.94/telemetry.jsonl,rank_telemetry.v1,genetic_budgeted_calibrated,42,0,900,764.297408125999,,0,0,allocation_stopped_consolidation,[],0,{},72,72,72,758090,758090,758090,758090,883767,758090,125677,2,true,true,zero_rank_patience_exhausted
NLU/output/glue/rte_allocator/genetic_budgeted_calibrated/ali_last_seed42_budget0.94/telemetry.jsonl,rank_telemetry.v1,genetic_budgeted_calibrated,42,0,1000,841.9282577559998,,0,0,allocation_stopped_consolidation,[],0,{},72,72,72,758090,758090,758090,758090,883767,758090,125677,2,true,true,zero_rank_patience_exhausted
NLU/output/glue/rte_allocator/genetic_budgeted_calibrated/ali_last_seed42_budget0.94/telemetry.jsonl,rank_telemetry.v1,genetic_budgeted_calibrated,42,0,1100,918.4007724270004,,0,0,allocation_stopped_consolidation,[],0,{},72,72,72,758090,758090,758090,758090,883767,758090,125677,2,true,true,zero_rank_patience_exhausted
NLU/output/glue/rte_allocator/genetic_budgeted_calibrated/ali_last_seed42_budget0.94/telemetry.jsonl,rank_telemetry.v1,genetic_budgeted_calibrated,42,0,1200,998.1062547419997,,0,0,allocation_stopped_consolidation,[],0,{},72,72,72,758090,758090,758090,758090,883767,758090,125677,2,true,true,zero_rank_patience_exhausted
NLU/output/glue/rte_allocator/genetic_budgeted_calibrated/ali_last_seed42_budget0.94/telemetry.jsonl,rank_telemetry.v1,genetic_budgeted_calibrated,42,0,1300,1078.2647051960002,,0,0,allocation_stopped_consolidation,[],0,{},72,72,72,758090,758090,758090,758090,883767,758090,125677,2,true,true,zero_rank_patience_exhausted
NLU/output/glue/rte_allocator/genetic_budgeted_calibrated/ali_last_seed42_budget0.94/telemetry.jsonl,rank_telemetry.v1,genetic_budgeted_calibrated,42,0,1400,1155.9212556510001,,0,0,allocation_stopped_consolidation,[],0,{},72,72,72,758090,758090,758090,758090,883767,758090,125677,2,true,true,zero_rank_patience_exhausted
NLU/output/glue/rte_allocator/genetic_budgeted_calibrated/ali_last_seed42_budget0.94/telemetry.jsonl,rank_telemetry.v1,genetic_budgeted_calibrated,42,0,1500,1235.550824982999,,0,0,allocation_stopped_consolidation,[],0,{},72,72,72,758090,758090,758090,758090,883767,758090,125677,2,true,true,zero_rank_patience_exhausted
NLU/output/glue/rte_allocator/genetic_budgeted_calibrated/ali_last_seed42_budget0.94/telemetry.jsonl,rank_telemetry.v1,genetic_budgeted_calibrated,42,0,1600,1315.4916622279989,,0,0,allocation_stopped_consolidation,[],0,{},72,72,72,758090,758090,758090,758090,883767,758090,125677,2,true,true,zero_rank_patience_exhausted
NLU/output/glue/rte_allocator/genetic_budgeted_calibrated/ali_last_seed42_budget0.94/telemetry.jsonl,rank_telemetry.v1,genetic_budgeted_calibrated,42,0,1700,1391.9798138439992,,0,0,allocation_stopped_consolidation,[],0,{},72,72,72,758090,758090,758090,758090,883767,758090,125677,2,true,true,zero_rank_patience_exhausted
NLU/output/glue/rte_allocator/genetic_budgeted_calibrated/ali_last_seed42_budget0.94/telemetry.jsonl,rank_telemetry.v1,genetic_budgeted_calibrated,42,0,1800,1470.4423758090006,,0,0,allocation_stopped_consolidation,[],0,{},72,72,72,758090,758090,758090,758090,883767,758090,125677,2,true,true,zero_rank_patience_exhausted
NLU/output/glue/rte_allocator/genetic_budgeted_calibrated/ali_last_seed42_budget0.94/telemetry.jsonl,rank_telemetry.v1,genetic_budgeted_calibrated,42,0,1900,1551.3688517990004,,0,0,allocation_stopped_consolidation,[],0,{},72,72,72,758090,758090,758090,758090,883767,758090,125677,2,true,true,zero_rank_patience_exhausted
NLU/output/glue/rte_allocator/genetic_budgeted_calibrated/ali_last_seed43_budget0.94/telemetry.jsonl,rank_telemetry.v1,genetic_budgeted_calibrated,43,0,200,190.7274038989999,candidate_005,2,2,calibrated_greedy_neighborhood,"[""deberta.encoder.layer.8.attention.self.value_proj"",""deberta.encoder.layer.10.intermediate.dense""]",2,"{""deberta.encoder.layer.10.intermediate.dense"":1,""deberta.encoder.layer.8.attention.self.value_proj"":1}",72,74,74,758090,763468,763468,929356,879435,763468,115967,0,false,false,
NLU/output/glue/rte_allocator/genetic_budgeted_calibrated/ali_last_seed43_budget0.94/telemetry.jsonl,rank_telemetry.v1,genetic_budgeted_calibrated,43,0,300,294.49221433599996,candidate_005,1,1,calibrated_greedy_neighborhood,"[""deberta.encoder.layer.5.intermediate.dense""]",1,"{""deberta.encoder.layer.5.intermediate.dense"":1}",74,75,75,763468,767309,767309,933197,879435,767309,112126,0,false,false,
NLU/output/glue/rte_allocator/genetic_budgeted_calibrated/ali_last_seed43_budget0.94/telemetry.jsonl,rank_telemetry.v1,genetic_budgeted_calibrated,43,0,400,398.67412387900004,candidate_004,3,3,calibrated_global_ga,"[""deberta.encoder.layer.0.attention.self.value_proj"",""deberta.encoder.layer.6.attention.self.value_proj"",""deberta.encoder.layer.8.attention.self.value_proj""]",3,"{""deberta.encoder.layer.0.attention.self.value_proj"":1,""deberta.encoder.layer.6.attention.self.value_proj"":1,""deberta.encoder.layer.8.attention.self.value_proj"":1}",75,78,78,767309,771920,771920,937808,879435,771920,107515,0,false,false,
NLU/output/glue/rte_allocator/genetic_budgeted_calibrated/ali_last_seed43_budget0.94/telemetry.jsonl,rank_telemetry.v1,genetic_budgeted_calibrated,43,0,500,504.530197985001,candidate_006,0,0,calibrated_zero_rank,[],0,{},78,78,78,771920,771920,771920,937808,879435,771920,107515,1,true,false,
NLU/output/glue/rte_allocator/genetic_budgeted_calibrated/ali_last_seed43_budget0.94/telemetry.jsonl,rank_telemetry.v1,genetic_budgeted_calibrated,43,0,600,609.2429464720008,candidate_001,2,2,calibrated_greedy_neighborhood,"[""deberta.encoder.layer.7.attention.self.value_proj"",""deberta.encoder.layer.8.intermediate.dense""]",2,"{""deberta.encoder.layer.7.attention.self.value_proj"":1,""deberta.encoder.layer.8.intermediate.dense"":1}",78,80,80,771920,777298,777298,943186,879435,777298,102137,0,false,false,
NLU/output/glue/rte_allocator/genetic_budgeted_calibrated/ali_last_seed43_budget0.94/telemetry.jsonl,rank_telemetry.v1,genetic_budgeted_calibrated,43,0,700,712.7253387729997,candidate_001,1,1,calibrated_greedy_neighborhood,"[""deberta.encoder.layer.9.intermediate.dense""]",1,"{""deberta.encoder.layer.9.intermediate.dense"":1}",80,81,81,777298,781139,781139,947027,879435,781139,98296,0,false,false,
NLU/output/glue/rte_allocator/genetic_budgeted_calibrated/ali_last_seed43_budget0.94/telemetry.jsonl,rank_telemetry.v1,genetic_budgeted_calibrated,43,0,800,814.9545331080008,candidate_003,1,1,calibrated_greedy_neighborhood,"[""deberta.encoder.layer.6.attention.self.value_proj""]",1,"{""deberta.encoder.layer.6.attention.self.value_proj"":1}",81,82,82,781139,782676,782676,948564,879435,782676,96759,0,false,false,
NLU/output/glue/rte_allocator/genetic_budgeted_calibrated/ali_last_seed43_budget0.94/telemetry.jsonl,rank_telemetry.v1,genetic_budgeted_calibrated,43,0,900,921.1227553360004,candidate_001,2,2,calibrated_greedy_neighborhood,"[""deberta.encoder.layer.4.intermediate.dense"",""deberta.encoder.layer.5.attention.output.dense""]",2,"{""deberta.encoder.layer.4.intermediate.dense"":1,""deberta.encoder.layer.5.attention.output.dense"":1}",82,84,84,782676,788054,788054,953942,879435,788054,91381,0,false,false,
NLU/output/glue/rte_allocator/genetic_budgeted_calibrated/ali_last_seed43_budget0.94/telemetry.jsonl,rank_telemetry.v1,genetic_budgeted_calibrated,43,0,1000,1022.7910541550009,candidate_002,5,5,calibrated_global_ga,"[""deberta.encoder.layer.4.output.dense"",""deberta.encoder.layer.6.output.dense"",""deberta.encoder.layer.7.attention.self.value_proj"",""deberta.encoder.layer.7.intermediate.dense"",""deberta.encoder.layer.8.output.dense""]",5,"{""deberta.encoder.layer.4.output.dense"":1,""deberta.encoder.layer.6.output.dense"":1,""deberta.encoder.layer.7.attention.self.value_proj"":1,""deberta.encoder.layer.7.intermediate.dense"":1,""deberta.encoder.layer.8.output.dense"":1}",84,89,89,788054,804955,804955,970843,879435,804955,74480,0,false,false,
NLU/output/glue/rte_allocator/genetic_budgeted_calibrated/ali_last_seed43_budget0.94/telemetry.jsonl,rank_telemetry.v1,genetic_budgeted_calibrated,43,0,1100,1129.1785213580006,candidate_003,1,1,calibrated_greedy_neighborhood,"[""deberta.encoder.layer.7.attention.self.value_proj""]",1,"{""deberta.encoder.layer.7.attention.self.value_proj"":1}",89,90,90,804955,806492,806492,972380,879435,806492,72943,0,false,false,
NLU/output/glue/rte_allocator/genetic_budgeted_calibrated/ali_last_seed43_budget0.94/telemetry.jsonl,rank_telemetry.v1,genetic_budgeted_calibrated,43,0,1200,1234.8303875729998,candidate_006,0,0,calibrated_zero_rank,[],0,{},90,90,90,806492,806492,806492,972380,879435,806492,72943,1,true,false,
NLU/output/glue/rte_allocator/genetic_budgeted_calibrated/ali_last_seed43_budget0.94/telemetry.jsonl,rank_telemetry.v1,genetic_budgeted_calibrated,43,0,1300,1343.0386963370001,candidate_006,0,0,calibrated_zero_rank,[],0,{},90,90,90,806492,806492,806492,806492,879435,806492,72943,2,true,true,zero_rank_patience_exhausted
NLU/output/glue/rte_allocator/genetic_budgeted_calibrated/ali_last_seed43_budget0.94/telemetry.jsonl,rank_telemetry.v1,genetic_budgeted_calibrated,43,0,1400,1423.7519285899998,,0,0,allocation_stopped_consolidation,[],0,{},90,90,90,806492,806492,806492,806492,879435,806492,72943,2,true,true,zero_rank_patience_exhausted
NLU/output/glue/rte_allocator/genetic_budgeted_calibrated/ali_last_seed43_budget0.94/telemetry.jsonl,rank_telemetry.v1,genetic_budgeted_calibrated,43,0,1500,1501.3335563400015,,0,0,allocation_stopped_consolidation,[],0,{},90,90,90,806492,806492,806492,806492,879435,806492,72943,2,true,true,zero_rank_patience_exhausted
NLU/output/glue/rte_allocator/genetic_budgeted_calibrated/ali_last_seed43_budget0.94/telemetry.jsonl,rank_telemetry.v1,genetic_budgeted_calibrated,43,0,1600,1579.7523594800005,,0,0,allocation_stopped_consolidation,[],0,{},90,90,90,806492,806492,806492,806492,879435,806492,72943,2,true,true,zero_rank_patience_exhausted
NLU/output/glue/rte_allocator/genetic_budgeted_calibrated/ali_last_seed43_budget0.94/telemetry.jsonl,rank_telemetry.v1,genetic_budgeted_calibrated,43,0,1700,1660.7903619490007,,0,0,allocation_stopped_consolidation,[],0,{},90,90,90,806492,806492,806492,806492,879435,806492,72943,2,true,true,zero_rank_patience_exhausted
NLU/output/glue/rte_allocator/genetic_budgeted_calibrated/ali_last_seed43_budget0.94/telemetry.jsonl,rank_telemetry.v1,genetic_budgeted_calibrated,43,0,1800,1738.8396643550004,,0,0,allocation_stopped_consolidation,[],0,{},90,90,90,806492,806492,806492,806492,879435,806492,72943,2,true,true,zero_rank_patience_exhausted
NLU/output/glue/rte_allocator/genetic_budgeted_calibrated/ali_last_seed43_budget0.94/telemetry.jsonl,rank_telemetry.v1,genetic_budgeted_calibrated,43,0,1900,1817.441480304,,0,0,allocation_stopped_consolidation,[],0,{},90,90,90,806492,806492,806492,806492,879435,806492,72943,2,true,true,zero_rank_patience_exhausted
NLU/output/glue/rte_allocator/genetic_budgeted_calibrated/ali_last_seed44_budget0.94/telemetry.jsonl,rank_telemetry.v1,genetic_budgeted_calibrated,44,0,200,188.55298370499986,candidate_002,5,5,calibrated_global_ga,"[""deberta.encoder.layer.0.attention.self.key_proj"",""deberta.encoder.layer.1.output.dense"",""deberta.encoder.layer.3.attention.self.key_proj"",""deberta.encoder.layer.7.attention.self.query_proj"",""deberta.encoder.layer.11.output.dense""]",5,"{""deberta.encoder.layer.0.attention.self.key_proj"":1,""deberta.encoder.layer.1.output.dense"":1,""deberta.encoder.layer.11.output.dense"":1,""deberta.encoder.layer.3.attention.self.key_proj"":1,""deberta.encoder.layer.7.attention.self.query_proj"":1}",72,77,77,758090,770383,770383,936271,879435,770383,109052,0,false,false,
NLU/output/glue/rte_allocator/genetic_budgeted_calibrated/ali_last_seed44_budget0.94/telemetry.jsonl,rank_telemetry.v1,genetic_budgeted_calibrated,44,0,300,296.8629034450005,candidate_004,3,3,calibrated_global_ga,"[""deberta.encoder.layer.3.attention.self.key_proj"",""deberta.encoder.layer.6.intermediate.dense"",""deberta.encoder.layer.10.attention.self.value_proj""]",3,"{""deberta.encoder.layer.10.attention.self.value_proj"":1,""deberta.encoder.layer.3.attention.self.key_proj"":1,""deberta.encoder.layer.6.intermediate.dense"":1}",77,80,80,770383,777298,777298,943186,879435,777298,102137,0,false,false,
NLU/output/glue/rte_allocator/genetic_budgeted_calibrated/ali_last_seed44_budget0.94/telemetry.jsonl,rank_telemetry.v1,genetic_budgeted_calibrated,44,0,400,399.45945131900044,candidate_004,3,3,calibrated_global_ga,"[""deberta.encoder.layer.4.attention.self.query_proj"",""deberta.encoder.layer.5.intermediate.dense"",""deberta.encoder.layer.6.attention.self.value_proj""]",3,"{""deberta.encoder.layer.4.attention.self.query_proj"":1,""deberta.encoder.layer.5.intermediate.dense"":1,""deberta.encoder.layer.6.attention.self.value_proj"":1}",80,83,83,777298,784213,784213,950101,879435,784213,95222,0,false,false,
NLU/output/glue/rte_allocator/genetic_budgeted_calibrated/ali_last_seed44_budget0.94/telemetry.jsonl,rank_telemetry.v1,genetic_budgeted_calibrated,44,0,500,509.43789717800064,candidate_002,5,5,calibrated_global_ga,"[""deberta.encoder.layer.1.output.dense"",""deberta.encoder.layer.4.attention.self.query_proj"",""deberta.encoder.layer.7.attention.self.key_proj"",""deberta.encoder.layer.7.output.dense"",""deberta.encoder.layer.11.output.dense""]",5,"{""deberta.encoder.layer.1.output.dense"":1,""deberta.encoder.layer.11.output.dense"":1,""deberta.encoder.layer.4.attention.self.query_proj"":1,""deberta.encoder.layer.7.attention.self.key_proj"":1,""deberta.encoder.layer.7.output.dense"":1}",83,88,88,784213,798810,798810,964698,879435,798810,80625,0,false,false,
NLU/output/glue/rte_allocator/genetic_budgeted_calibrated/ali_last_seed44_budget0.94/telemetry.jsonl,rank_telemetry.v1,genetic_budgeted_calibrated,44,0,600,613.8220518510007,candidate_000,5,5,calibrated_greedy_anchor,"[""deberta.encoder.layer.5.attention.output.dense"",""deberta.encoder.layer.6.attention.output.dense"",""deberta.encoder.layer.7.attention.output.dense"",""deberta.encoder.layer.7.intermediate.dense"",""deberta.encoder.layer.9.intermediate.dense""]",5,"{""deberta.encoder.layer.5.attention.output.dense"":1,""deberta.encoder.layer.6.attention.output.dense"":1,""deberta.encoder.layer.7.attention.output.dense"":1,""deberta.encoder.layer.7.intermediate.dense"":1,""deberta.encoder.layer.9.intermediate.dense"":1}",88,93,93,798810,811103,811103,976991,879435,811103,68332,0,false,false,
NLU/output/glue/rte_allocator/genetic_budgeted_calibrated/ali_last_seed44_budget0.94/telemetry.jsonl,rank_telemetry.v1,genetic_budgeted_calibrated,44,0,700,720.472477450001,candidate_006,0,0,calibrated_zero_rank,[],0,{},93,93,93,811103,811103,811103,976991,879435,811103,68332,1,true,false,
NLU/output/glue/rte_allocator/genetic_budgeted_calibrated/ali_last_seed44_budget0.94/telemetry.jsonl,rank_telemetry.v1,genetic_budgeted_calibrated,44,0,800,827.2030935620005,candidate_003,1,1,calibrated_greedy_neighborhood,"[""deberta.encoder.layer.11.attention.output.dense""]",1,"{""deberta.encoder.layer.11.attention.output.dense"":1}",93,94,94,811103,812640,812640,978528,879435,812640,66795,0,false,false,
NLU/output/glue/rte_allocator/genetic_budgeted_calibrated/ali_last_seed44_budget0.94/telemetry.jsonl,rank_telemetry.v1,genetic_budgeted_calibrated,44,0,900,933.0779362680005,candidate_006,0,0,calibrated_zero_rank,[],0,{},94,94,94,812640,812640,812640,978528,879435,812640,66795,1,true,false,
NLU/output/glue/rte_allocator/genetic_budgeted_calibrated/ali_last_seed44_budget0.94/telemetry.jsonl,rank_telemetry.v1,genetic_budgeted_calibrated,44,0,1000,1042.1218913030007,candidate_006,0,0,calibrated_zero_rank,[],0,{},94,94,94,812640,812640,812640,812640,879435,812640,66795,2,true,true,zero_rank_patience_exhausted
NLU/output/glue/rte_allocator/genetic_budgeted_calibrated/ali_last_seed44_budget0.94/telemetry.jsonl,rank_telemetry.v1,genetic_budgeted_calibrated,44,0,1100,1120.8021274740004,,0,0,allocation_stopped_consolidation,[],0,{},94,94,94,812640,812640,812640,812640,879435,812640,66795,2,true,true,zero_rank_patience_exhausted
NLU/output/glue/rte_allocator/genetic_budgeted_calibrated/ali_last_seed44_budget0.94/telemetry.jsonl,rank_telemetry.v1,genetic_budgeted_calibrated,44,0,1200,1201.4129340430009,,0,0,allocation_stopped_consolidation,[],0,{},94,94,94,812640,812640,812640,812640,879435,812640,66795,2,true,true,zero_rank_patience_exhausted
NLU/output/glue/rte_allocator/genetic_budgeted_calibrated/ali_last_seed44_budget0.94/telemetry.jsonl,rank_telemetry.v1,genetic_budgeted_calibrated,44,0,1300,1285.133450808,,0,0,allocation_stopped_consolidation,[],0,{},94,94,94,812640,812640,812640,812640,879435,812640,66795,2,true,true,zero_rank_patience_exhausted
NLU/output/glue/rte_allocator/genetic_budgeted_calibrated/ali_last_seed44_budget0.94/telemetry.jsonl,rank_telemetry.v1,genetic_budgeted_calibrated,44,0,1400,1363.746147195001,,0,0,allocation_stopped_consolidation,[],0,{},94,94,94,812640,812640,812640,812640,879435,812640,66795,2,true,true,zero_rank_patience_exhausted
NLU/output/glue/rte_allocator/genetic_budgeted_calibrated/ali_last_seed44_budget0.94/telemetry.jsonl,rank_telemetry.v1,genetic_budgeted_calibrated,44,0,1500,1443.7657741470011,,0,0,allocation_stopped_consolidation,[],0,{},94,94,94,812640,812640,812640,812640,879435,812640,66795,2,true,true,zero_rank_patience_exhausted
NLU/output/glue/rte_allocator/genetic_budgeted_calibrated/ali_last_seed44_budget0.94/telemetry.jsonl,rank_telemetry.v1,genetic_budgeted_calibrated,44,0,1600,1526.8908837060007,,0,0,allocation_stopped_consolidation,[],0,{},94,94,94,812640,812640,812640,812640,879435,812640,66795,2,true,true,zero_rank_patience_exhausted
NLU/output/glue/rte_allocator/genetic_budgeted_calibrated/ali_last_seed44_budget0.94/telemetry.jsonl,rank_telemetry.v1,genetic_budgeted_calibrated,44,0,1700,1606.5161867690003,,0,0,allocation_stopped_consolidation,[],0,{},94,94,94,812640,812640,812640,812640,879435,812640,66795,2,true,true,zero_rank_patience_exhausted
NLU/output/glue/rte_allocator/genetic_budgeted_calibrated/ali_last_seed44_budget0.94/telemetry.jsonl,rank_telemetry.v1,genetic_budgeted_calibrated,44,0,1800,1685.0250047549998,,0,0,allocation_stopped_consolidation,[],0,{},94,94,94,812640,812640,812640,812640,879435,812640,66795,2,true,true,zero_rank_patience_exhausted
NLU/output/glue/rte_allocator/genetic_budgeted_calibrated/ali_last_seed44_budget0.94/telemetry.jsonl,rank_telemetry.v1,genetic_budgeted_calibrated,44,0,1900,1764.1154400289997,,0,0,allocation_stopped_consolidation,[],0,{},94,94,94,812640,812640,812640,812640,879435,812640,66795,2,true,true,zero_rank_patience_exhausted
NLU/output/glue/rte_allocator/genetic_budgeted_calibrated/ali_last_seed45_budget0.94/telemetry.jsonl,rank_telemetry.v1,genetic_budgeted_calibrated,45,0,200,188.1625049310005,candidate_004,3,3,calibrated_global_ga,"[""deberta.encoder.layer.0.attention.output.dense"",""deberta.encoder.layer.6.attention.self.value_proj"",""deberta.encoder.layer.10.attention.self.value_proj""]",3,"{""deberta.encoder.layer.0.attention.output.dense"":1,""deberta.encoder.layer.10.attention.self.value_proj"":1,""deberta.encoder.layer.6.attention.self.value_proj"":1}",72,75,75,758090,762701,762701,928589,877270,762701,114569,0,false,false,
NLU/output/glue/rte_allocator/genetic_budgeted_calibrated/ali_last_seed45_budget0.94/telemetry.jsonl,rank_telemetry.v1,genetic_budgeted_calibrated,45,0,300,289.5959263530003,candidate_006,0,0,calibrated_zero_rank,[],0,{},75,75,75,762701,762701,762701,928589,877270,762701,114569,1,true,false,
NLU/output/glue/rte_allocator/genetic_budgeted_calibrated/ali_last_seed45_budget0.94/telemetry.jsonl,rank_telemetry.v1,genetic_budgeted_calibrated,45,0,400,395.07461313100066,candidate_004,3,3,calibrated_global_ga,"[""deberta.encoder.layer.3.intermediate.dense"",""deberta.encoder.layer.5.attention.self.value_proj"",""deberta.encoder.layer.7.intermediate.dense""]",3,"{""deberta.encoder.layer.3.intermediate.dense"":1,""deberta.encoder.layer.5.attention.self.value_proj"":1,""deberta.encoder.layer.7.intermediate.dense"":1}",75,78,78,762701,771920,771920,937808,877270,771920,105350,0,false,false,
NLU/output/glue/rte_allocator/genetic_budgeted_calibrated/ali_last_seed45_budget0.94/telemetry.jsonl,rank_telemetry.v1,genetic_budgeted_calibrated,45,0,500,499.6730419310006,candidate_003,1,1,calibrated_greedy_neighborhood,"[""deberta.encoder.layer.6.attention.self.value_proj""]",1,"{""deberta.encoder.layer.6.attention.self.value_proj"":1}",78,79,79,771920,773457,773457,939345,877270,773457,103813,0,false,false,
NLU/output/glue/rte_allocator/genetic_budgeted_calibrated/ali_last_seed45_budget0.94/telemetry.jsonl,rank_telemetry.v1,genetic_budgeted_calibrated,45,0,600,600.3304230760004,candidate_000,5,5,calibrated_greedy_anchor,"[""deberta.encoder.layer.1.intermediate.dense"",""deberta.encoder.layer.2.intermediate.dense"",""deberta.encoder.layer.4.intermediate.dense"",""deberta.encoder.layer.9.attention.self.value_proj"",""deberta.encoder.layer.9.intermediate.dense""]",5,"{""deberta.encoder.layer.1.intermediate.dense"":1,""deberta.encoder.layer.2.intermediate.dense"":1,""deberta.encoder.layer.4.intermediate.dense"":1,""deberta.encoder.layer.9.attention.self.value_proj"":1,""deberta.encoder.layer.9.intermediate.dense"":1}",79,84,84,773457,790358,790358,956246,877270,790358,86912,0,false,false,
NLU/output/glue/rte_allocator/genetic_budgeted_calibrated/ali_last_seed45_budget0.94/telemetry.jsonl,rank_telemetry.v1,genetic_budgeted_calibrated,45,0,700,707.6649290620007,candidate_000,5,5,calibrated_greedy_anchor,"[""deberta.encoder.layer.4.intermediate.dense"",""deberta.encoder.layer.6.intermediate.dense"",""deberta.encoder.layer.7.attention.self.value_proj"",""deberta.encoder.layer.7.attention.output.dense"",""deberta.encoder.layer.7.intermediate.dense""]",5,"{""deberta.encoder.layer.4.intermediate.dense"":1,""deberta.encoder.layer.6.intermediate.dense"":1,""deberta.encoder.layer.7.attention.output.dense"":1,""deberta.encoder.layer.7.attention.self.value_proj"":1,""deberta.encoder.layer.7.intermediate.dense"":1}",84,89,89,790358,804955,804955,970843,877270,804955,72315,0,false,false,
NLU/output/glue/rte_allocator/genetic_budgeted_calibrated/ali_last_seed45_budget0.94/telemetry.jsonl,rank_telemetry.v1,genetic_budgeted_calibrated,45,0,800,810.085940672001,candidate_004,4,4,calibrated_global_ga,"[""deberta.encoder.layer.3.attention.output.dense"",""deberta.encoder.layer.7.attention.output.dense"",""deberta.encoder.layer.8.intermediate.dense"",""deberta.encoder.layer.9.attention.self.query_proj""]",4,"{""deberta.encoder.layer.3.attention.output.dense"":1,""deberta.encoder.layer.7.attention.output.dense"":1,""deberta.encoder.layer.8.intermediate.dense"":1,""deberta.encoder.layer.9.attention.self.query_proj"":1}",89,93,93,804955,813407,813407,979295,877270,813407,63863,0,false,false,
NLU/output/glue/rte_allocator/genetic_budgeted_calibrated/ali_last_seed45_budget0.94/telemetry.jsonl,rank_telemetry.v1,genetic_budgeted_calibrated,45,0,900,914.5792935590016,candidate_001,1,1,calibrated_greedy_neighborhood,"[""deberta.encoder.layer.7.attention.self.value_proj""]",1,"{""deberta.encoder.layer.7.attention.self.value_proj"":1}",93,94,94,813407,814944,814944,980832,877270,814944,62326,0,false,false,
NLU/output/glue/rte_allocator/genetic_budgeted_calibrated/ali_last_seed45_budget0.94/telemetry.jsonl,rank_telemetry.v1,genetic_budgeted_calibrated,45,0,1000,1020.2968575210016,candidate_005,1,1,calibrated_greedy_neighborhood,"[""deberta.encoder.layer.8.attention.self.query_proj""]",1,"{""deberta.encoder.layer.8.attention.self.query_proj"":1}",94,95,95,814944,816481,816481,982369,877270,816481,60789,0,false,false,
NLU/output/glue/rte_allocator/genetic_budgeted_calibrated/ali_last_seed45_budget0.94/telemetry.jsonl,rank_telemetry.v1,genetic_budgeted_calibrated,45,0,1100,1126.2055922500003,candidate_001,2,2,calibrated_greedy_neighborhood,"[""deberta.encoder.layer.6.attention.output.dense"",""deberta.encoder.layer.7.intermediate.dense""]",2,"{""deberta.encoder.layer.6.attention.output.dense"":1,""deberta.encoder.layer.7.intermediate.dense"":1}",95,97,97,816481,821859,821859,987747,877270,821859,55411,0,false,false,
NLU/output/glue/rte_allocator/genetic_budgeted_calibrated/ali_last_seed45_budget0.94/telemetry.jsonl,rank_telemetry.v1,genetic_budgeted_calibrated,45,0,1200,1232.4944035070002,candidate_006,0,0,calibrated_zero_rank,[],0,{},97,97,97,821859,821859,821859,987747,877270,821859,55411,1,true,false,
NLU/output/glue/rte_allocator/genetic_budgeted_calibrated/ali_last_seed45_budget0.94/telemetry.jsonl,rank_telemetry.v1,genetic_budgeted_calibrated,45,0,1300,1337.0066813180001,candidate_003,1,1,calibrated_greedy_neighborhood,"[""deberta.encoder.layer.3.attention.output.dense""]",1,"{""deberta.encoder.layer.3.attention.output.dense"":1}",97,98,98,821859,823396,823396,989284,877270,823396,53874,0,false,false,
NLU/output/glue/rte_allocator/genetic_budgeted_calibrated/ali_last_seed45_budget0.94/telemetry.jsonl,rank_telemetry.v1,genetic_budgeted_calibrated,45,0,1400,1446.0632383500015,candidate_003,1,1,calibrated_greedy_neighborhood,"[""deberta.encoder.layer.3.attention.output.dense""]",1,"{""deberta.encoder.layer.3.attention.output.dense"":1}",98,99,99,823396,824933,824933,990821,877270,824933,52337,0,false,false,
NLU/output/glue/rte_allocator/genetic_budgeted_calibrated/ali_last_seed45_budget0.94/telemetry.jsonl,rank_telemetry.v1,genetic_budgeted_calibrated,45,0,1500,1548.4026009380013,candidate_004,4,4,calibrated_global_ga,"[""deberta.encoder.layer.1.attention.self.query_proj"",""deberta.encoder.layer.1.intermediate.dense"",""deberta.encoder.layer.5.intermediate.dense"",""deberta.encoder.layer.6.attention.self.query_proj""]",4,"{""deberta.encoder.layer.1.attention.self.query_proj"":1,""deberta.encoder.layer.1.intermediate.dense"":1,""deberta.encoder.layer.5.intermediate.dense"":1,""deberta.encoder.layer.6.attention.self.query_proj"":1}",99,103,103,824933,835689,835689,1001577,877270,835689,41581,0,false,false,
NLU/output/glue/rte_allocator/genetic_budgeted_calibrated/ali_last_seed45_budget0.94/telemetry.jsonl,rank_telemetry.v1,genetic_budgeted_calibrated,45,0,1600,1654.5450389320013,candidate_006,0,0,calibrated_zero_rank,[],0,{},103,103,103,835689,835689,835689,1001577,877270,835689,41581,1,true,false,
NLU/output/glue/rte_allocator/genetic_budgeted_calibrated/ali_last_seed45_budget0.94/telemetry.jsonl,rank_telemetry.v1,genetic_budgeted_calibrated,45,0,1700,1737.056514793001,,0,0,allocation_stopped_consolidation,[],0,{},103,103,103,835689,835689,835689,835689,877270,835689,41581,1,true,true,minimum_consolidation_window
NLU/output/glue/rte_allocator/genetic_budgeted_calibrated/ali_last_seed45_budget0.94/telemetry.jsonl,rank_telemetry.v1,genetic_budgeted_calibrated,45,0,1800,1814.886108058001,,0,0,allocation_stopped_consolidation,[],0,{},103,103,103,835689,835689,835689,835689,877270,835689,41581,1,true,true,minimum_consolidation_window
NLU/output/glue/rte_allocator/genetic_budgeted_calibrated/ali_last_seed45_budget0.94/telemetry.jsonl,rank_telemetry.v1,genetic_budgeted_calibrated,45,0,1900,1896.3232843560017,,0,0,allocation_stopped_consolidation,[],0,{},103,103,103,835689,835689,835689,835689,877270,835689,41581,1,true,true,minimum_consolidation_window
NLU/output/glue/rte_allocator/genetic_budgeted_calibrated/ali_last_seed46_budget0.94/telemetry.jsonl,rank_telemetry.v1,genetic_budgeted_calibrated,46,0,200,188.84783279500016,candidate_006,0,0,calibrated_zero_rank,[],0,{},72,72,72,758090,758090,758090,923978,877270,758090,119180,1,true,false,
NLU/output/glue/rte_allocator/genetic_budgeted_calibrated/ali_last_seed46_budget0.94/telemetry.jsonl,rank_telemetry.v1,genetic_budgeted_calibrated,46,0,300,294.2268333279999,candidate_006,0,0,calibrated_zero_rank,[],0,{},72,72,72,758090,758090,758090,758090,877270,758090,119180,2,true,true,zero_rank_patience_exhausted
NLU/output/glue/rte_allocator/genetic_budgeted_calibrated/ali_last_seed46_budget0.94/telemetry.jsonl,rank_telemetry.v1,genetic_budgeted_calibrated,46,0,400,373.93553249100023,,0,0,allocation_stopped_consolidation,[],0,{},72,72,72,758090,758090,758090,758090,877270,758090,119180,2,true,true,zero_rank_patience_exhausted
NLU/output/glue/rte_allocator/genetic_budgeted_calibrated/ali_last_seed46_budget0.94/telemetry.jsonl,rank_telemetry.v1,genetic_budgeted_calibrated,46,0,500,455.75597991199993,,0,0,allocation_stopped_consolidation,[],0,{},72,72,72,758090,758090,758090,758090,877270,758090,119180,2,true,true,zero_rank_patience_exhausted
NLU/output/glue/rte_allocator/genetic_budgeted_calibrated/ali_last_seed46_budget0.94/telemetry.jsonl,rank_telemetry.v1,genetic_budgeted_calibrated,46,0,600,536.58004815,,0,0,allocation_stopped_consolidation,[],0,{},72,72,72,758090,758090,758090,758090,877270,758090,119180,2,true,true,zero_rank_patience_exhausted
NLU/output/glue/rte_allocator/genetic_budgeted_calibrated/ali_last_seed46_budget0.94/telemetry.jsonl,rank_telemetry.v1,genetic_budgeted_calibrated,46,0,700,616.8406828719999,,0,0,allocation_stopped_consolidation,[],0,{},72,72,72,758090,758090,758090,758090,877270,758090,119180,2,true,true,zero_rank_patience_exhausted
NLU/output/glue/rte_allocator/genetic_budgeted_calibrated/ali_last_seed46_budget0.94/telemetry.jsonl,rank_telemetry.v1,genetic_budgeted_calibrated,46,0,800,698.7103772800001,,0,0,allocation_stopped_consolidation,[],0,{},72,72,72,758090,758090,758090,758090,877270,758090,119180,2,true,true,zero_rank_patience_exhausted
NLU/output/glue/rte_allocator/genetic_budgeted_calibrated/ali_last_seed46_budget0.94/telemetry.jsonl,rank_telemetry.v1,genetic_budgeted_calibrated,46,0,900,779.731724576,,0,0,allocation_stopped_consolidation,[],0,{},72,72,72,758090,758090,758090,758090,877270,758090,119180,2,true,true,zero_rank_patience_exhausted
NLU/output/glue/rte_allocator/genetic_budgeted_calibrated/ali_last_seed46_budget0.94/telemetry.jsonl,rank_telemetry.v1,genetic_budgeted_calibrated,46,0,1000,859.8566971280002,,0,0,allocation_stopped_consolidation,[],0,{},72,72,72,758090,758090,758090,758090,877270,758090,119180,2,true,true,zero_rank_patience_exhausted
NLU/output/glue/rte_allocator/genetic_budgeted_calibrated/ali_last_seed46_budget0.94/telemetry.jsonl,rank_telemetry.v1,genetic_budgeted_calibrated,46,0,1100,940.1242131670001,,0,0,allocation_stopped_consolidation,[],0,{},72,72,72,758090,758090,758090,758090,877270,758090,119180,2,true,true,zero_rank_patience_exhausted
NLU/output/glue/rte_allocator/genetic_budgeted_calibrated/ali_last_seed46_budget0.94/telemetry.jsonl,rank_telemetry.v1,genetic_budgeted_calibrated,46,0,1200,1021.5144564049997,,0,0,allocation_stopped_consolidation,[],0,{},72,72,72,758090,758090,758090,758090,877270,758090,119180,2,true,true,zero_rank_patience_exhausted
NLU/output/glue/rte_allocator/genetic_budgeted_calibrated/ali_last_seed46_budget0.94/telemetry.jsonl,rank_telemetry.v1,genetic_budgeted_calibrated,46,0,1300,1102.3293077990002,,0,0,allocation_stopped_consolidation,[],0,{},72,72,72,758090,758090,758090,758090,877270,758090,119180,2,true,true,zero_rank_patience_exhausted
NLU/output/glue/rte_allocator/genetic_budgeted_calibrated/ali_last_seed46_budget0.94/telemetry.jsonl,rank_telemetry.v1,genetic_budgeted_calibrated,46,0,1400,1182.3026045340002,,0,0,allocation_stopped_consolidation,[],0,{},72,72,72,758090,758090,758090,758090,877270,758090,119180,2,true,true,zero_rank_patience_exhausted
NLU/output/glue/rte_allocator/genetic_budgeted_calibrated/ali_last_seed46_budget0.94/telemetry.jsonl,rank_telemetry.v1,genetic_budgeted_calibrated,46,0,1500,1263.9310371479996,,0,0,allocation_stopped_consolidation,[],0,{},72,72,72,758090,758090,758090,758090,877270,758090,119180,2,true,true,zero_rank_patience_exhausted
NLU/output/glue/rte_allocator/genetic_budgeted_calibrated/ali_last_seed46_budget0.94/telemetry.jsonl,rank_telemetry.v1,genetic_budgeted_calibrated,46,0,1600,1341.155055798,,0,0,allocation_stopped_consolidation,[],0,{},72,72,72,758090,758090,758090,758090,877270,758090,119180,2,true,true,zero_rank_patience_exhausted
NLU/output/glue/rte_allocator/genetic_budgeted_calibrated/ali_last_seed46_budget0.94/telemetry.jsonl,rank_telemetry.v1,genetic_budgeted_calibrated,46,0,1700,1421.638879786,,0,0,allocation_stopped_consolidation,[],0,{},72,72,72,758090,758090,758090,758090,877270,758090,119180,2,true,true,zero_rank_patience_exhausted
NLU/output/glue/rte_allocator/genetic_budgeted_calibrated/ali_last_seed46_budget0.94/telemetry.jsonl,rank_telemetry.v1,genetic_budgeted_calibrated,46,0,1800,1502.7337880329997,,0,0,allocation_stopped_consolidation,[],0,{},72,72,72,758090,758090,758090,758090,877270,758090,119180,2,true,true,zero_rank_patience_exhausted
NLU/output/glue/rte_allocator/genetic_budgeted_calibrated/ali_last_seed46_budget0.94/telemetry.jsonl,rank_telemetry.v1,genetic_budgeted_calibrated,46,0,1900,1582.7875308069997,,0,0,allocation_stopped_consolidation,[],0,{},72,72,72,758090,758090,758090,758090,877270,758090,119180,2,true,true,zero_rank_patience_exhausted
NLU/output/glue/rte_allocator/greedy/ali_last_seed41/telemetry.jsonl,rank_telemetry.v1,greedy,41,0,200,153.59079957700123,,5,5,greedy_importance,"[""deberta.encoder.layer.5.attention.output.dense"",""deberta.encoder.layer.5.intermediate.dense"",""deberta.encoder.layer.7.attention.self.value_proj"",""deberta.encoder.layer.8.intermediate.dense"",""deberta.encoder.layer.9.attention.output.dense""]",5,"{""deberta.encoder.layer.5.attention.output.dense"":1,""deberta.encoder.layer.5.intermediate.dense"":1,""deberta.encoder.layer.7.attention.self.value_proj"":1,""deberta.encoder.layer.8.intermediate.dense"":1,""deberta.encoder.layer.9.attention.output.dense"":1}",72,77,77,758090,770383,770383,936271,,,,,false,false,
NLU/output/glue/rte_allocator/greedy/ali_last_seed41/telemetry.jsonl,rank_telemetry.v1,greedy,41,0,300,230.59720594600003,,5,5,greedy_importance,"[""deberta.encoder.layer.7.attention.self.value_proj"",""deberta.encoder.layer.7.intermediate.dense"",""deberta.encoder.layer.8.intermediate.dense"",""deberta.encoder.layer.9.intermediate.dense"",""deberta.encoder.layer.11.attention.self.key_proj""]",5,"{""deberta.encoder.layer.11.attention.self.key_proj"":1,""deberta.encoder.layer.7.attention.self.value_proj"":1,""deberta.encoder.layer.7.intermediate.dense"":1,""deberta.encoder.layer.8.intermediate.dense"":1,""deberta.encoder.layer.9.intermediate.dense"":1}",77,82,82,770383,784980,784980,950868,,,,,false,false,
NLU/output/glue/rte_allocator/greedy/ali_last_seed41/telemetry.jsonl,rank_telemetry.v1,greedy,41,0,400,306.4052773500007,,5,5,greedy_importance,"[""deberta.encoder.layer.4.attention.self.value_proj"",""deberta.encoder.layer.4.intermediate.dense"",""deberta.encoder.layer.8.attention.output.dense"",""deberta.encoder.layer.9.attention.self.value_proj"",""deberta.encoder.layer.11.attention.self.value_proj""]",5,"{""deberta.encoder.layer.11.attention.self.value_proj"":1,""deberta.encoder.layer.4.attention.self.value_proj"":1,""deberta.encoder.layer.4.intermediate.dense"":1,""deberta.encoder.layer.8.attention.output.dense"":1,""deberta.encoder.layer.9.attention.self.value_proj"":1}",82,87,87,784980,794969,794969,960857,,,,,false,false,
NLU/output/glue/rte_allocator/greedy/ali_last_seed41/telemetry.jsonl,rank_telemetry.v1,greedy,41,0,500,384.5796332230002,,5,5,greedy_importance,"[""deberta.encoder.layer.1.intermediate.dense"",""deberta.encoder.layer.5.attention.output.dense"",""deberta.encoder.layer.5.intermediate.dense"",""deberta.encoder.layer.8.attention.self.value_proj"",""deberta.encoder.layer.9.intermediate.dense""]",5,"{""deberta.encoder.layer.1.intermediate.dense"":1,""deberta.encoder.layer.5.attention.output.dense"":1,""deberta.encoder.layer.5.intermediate.dense"":1,""deberta.encoder.layer.8.attention.self.value_proj"":1,""deberta.encoder.layer.9.intermediate.dense"":1}",87,92,92,794969,809566,809566,975454,,,,,false,false,
NLU/output/glue/rte_allocator/greedy/ali_last_seed41/telemetry.jsonl,rank_telemetry.v1,greedy,41,0,600,462.75524664800105,,5,5,greedy_importance,"[""deberta.encoder.layer.4.intermediate.dense"",""deberta.encoder.layer.5.intermediate.dense"",""deberta.encoder.layer.7.attention.self.value_proj"",""deberta.encoder.layer.7.intermediate.dense"",""deberta.encoder.layer.9.attention.output.dense""]",5,"{""deberta.encoder.layer.4.intermediate.dense"":1,""deberta.encoder.layer.5.intermediate.dense"":1,""deberta.encoder.layer.7.attention.self.value_proj"":1,""deberta.encoder.layer.7.intermediate.dense"":1,""deberta.encoder.layer.9.attention.output.dense"":1}",92,97,97,809566,824163,824163,990051,,,,,false,false,
NLU/output/glue/rte_allocator/greedy/ali_last_seed41/telemetry.jsonl,rank_telemetry.v1,greedy,41,0,700,538.7665184590005,,5,5,greedy_importance,"[""deberta.encoder.layer.3.attention.self.key_proj"",""deberta.encoder.layer.3.attention.self.value_proj"",""deberta.encoder.layer.6.attention.output.dense"",""deberta.encoder.layer.6.intermediate.dense"",""deberta.encoder.layer.7.attention.output.dense""]",5,"{""deberta.encoder.layer.3.attention.self.key_proj"":1,""deberta.encoder.layer.3.attention.self.value_proj"":1,""deberta.encoder.layer.6.attention.output.dense"":1,""deberta.encoder.layer.6.intermediate.dense"":1,""deberta.encoder.layer.7.attention.output.dense"":1}",97,102,102,824163,834152,834152,1000040,,,,,false,false,
NLU/output/glue/rte_allocator/greedy/ali_last_seed41/telemetry.jsonl,rank_telemetry.v1,greedy,41,0,800,616.1184159950008,,5,5,greedy_importance,"[""deberta.encoder.layer.4.attention.output.dense"",""deberta.encoder.layer.8.intermediate.dense"",""deberta.encoder.layer.9.attention.self.key_proj"",""deberta.encoder.layer.10.attention.self.key_proj"",""deberta.encoder.layer.11.attention.self.value_proj""]",5,"{""deberta.encoder.layer.10.attention.self.key_proj"":1,""deberta.encoder.layer.11.attention.self.value_proj"":1,""deberta.encoder.layer.4.attention.output.dense"":1,""deberta.encoder.layer.8.intermediate.dense"":1,""deberta.encoder.layer.9.attention.self.key_proj"":1}",102,107,107,834152,844141,844141,1010029,,,,,false,false,
NLU/output/glue/rte_allocator/greedy/ali_last_seed41/telemetry.jsonl,rank_telemetry.v1,greedy,41,0,900,694.6367088850002,,5,5,greedy_importance,"[""deberta.encoder.layer.5.intermediate.dense"",""deberta.encoder.layer.7.intermediate.dense"",""deberta.encoder.layer.8.attention.self.query_proj"",""deberta.encoder.layer.8.attention.self.key_proj"",""deberta.encoder.layer.9.attention.self.value_proj""]",5,"{""deberta.encoder.layer.5.intermediate.dense"":1,""deberta.encoder.layer.7.intermediate.dense"":1,""deberta.encoder.layer.8.attention.self.key_proj"":1,""deberta.encoder.layer.8.attention.self.query_proj"":1,""deberta.encoder.layer.9.attention.self.value_proj"":1}",107,112,112,844141,856434,856434,1022322,,,,,false,false,
NLU/output/glue/rte_allocator/greedy/ali_last_seed41/telemetry.jsonl,rank_telemetry.v1,greedy,41,0,1000,771.5835880390023,,5,5,greedy_importance,"[""deberta.encoder.layer.4.intermediate.dense"",""deberta.encoder.layer.5.attention.output.dense"",""deberta.encoder.layer.7.attention.self.value_proj"",""deberta.encoder.layer.8.attention.output.dense"",""deberta.encoder.layer.11.attention.self.key_proj""]",5,"{""deberta.encoder.layer.11.attention.self.key_proj"":1,""deberta.encoder.layer.4.intermediate.dense"":1,""deberta.encoder.layer.5.attention.output.dense"":1,""deberta.encoder.layer.7.attention.self.value_proj"":1,""deberta.encoder.layer.8.attention.output.dense"":1}",112,117,117,856434,866423,866423,1032311,,,,,false,false,
NLU/output/glue/rte_allocator/greedy/ali_last_seed41/telemetry.jsonl,rank_telemetry.v1,greedy,41,0,1100,848.8953736330022,,5,5,greedy_importance,"[""deberta.encoder.layer.0.intermediate.dense"",""deberta.encoder.layer.1.attention.output.dense"",""deberta.encoder.layer.5.attention.self.value_proj"",""deberta.encoder.layer.7.attention.output.dense"",""deberta.encoder.layer.8.attention.self.value_proj""]",5,"{""deberta.encoder.layer.0.intermediate.dense"":1,""deberta.encoder.layer.1.attention.output.dense"":1,""deberta.encoder.layer.5.attention.self.value_proj"":1,""deberta.encoder.layer.7.attention.output.dense"":1,""deberta.encoder.layer.8.attention.self.value_proj"":1}",117,122,122,866423,876412,876412,1042300,,,,,false,false,
NLU/output/glue/rte_allocator/greedy/ali_last_seed41/telemetry.jsonl,rank_telemetry.v1,greedy,41,0,1200,927.0176555790003,,5,5,greedy_importance,"[""deberta.encoder.layer.2.attention.self.value_proj"",""deberta.encoder.layer.3.attention.output.dense"",""deberta.encoder.layer.5.intermediate.dense"",""deberta.encoder.layer.6.attention.output.dense"",""deberta.encoder.layer.7.attention.self.value_proj""]",5,"{""deberta.encoder.layer.2.attention.self.value_proj"":1,""deberta.encoder.layer.3.attention.output.dense"":1,""deberta.encoder.layer.5.intermediate.dense"":1,""deberta.encoder.layer.6.attention.output.dense"":1,""deberta.encoder.layer.7.attention.self.value_proj"":1}",122,127,127,876412,886401,886401,1052289,,,,,false,false,
NLU/output/glue/rte_allocator/greedy/ali_last_seed41/telemetry.jsonl,rank_telemetry.v1,greedy,41,0,1300,1004.2166142240003,,5,5,greedy_importance,"[""deberta.encoder.layer.0.attention.self.query_proj"",""deberta.encoder.layer.2.intermediate.dense"",""deberta.encoder.layer.9.attention.self.value_proj"",""deberta.encoder.layer.9.attention.output.dense"",""deberta.encoder.layer.9.intermediate.dense""]",5,"{""deberta.encoder.layer.0.attention.self.query_proj"":1,""deberta.encoder.layer.2.intermediate.dense"":1,""deberta.encoder.layer.9.attention.output.dense"":1,""deberta.encoder.layer.9.attention.self.value_proj"":1,""deberta.encoder.layer.9.intermediate.dense"":1}",127,132,132,886401,898694,898694,1064582,,,,,false,false,
NLU/output/glue/rte_allocator/greedy/ali_last_seed41/telemetry.jsonl,rank_telemetry.v1,greedy,41,0,1400,1081.4161774170007,,5,5,greedy_importance,"[""deberta.encoder.layer.0.attention.output.dense"",""deberta.encoder.layer.1.attention.self.value_proj"",""deberta.encoder.layer.1.intermediate.dense"",""deberta.encoder.layer.4.attention.output.dense"",""deberta.encoder.layer.11.attention.self.value_proj""]",5,"{""deberta.encoder.layer.0.attention.output.dense"":1,""deberta.encoder.layer.1.attention.self.value_proj"":1,""deberta.encoder.layer.1.intermediate.dense"":1,""deberta.encoder.layer.11.attention.self.value_proj"":1,""deberta.encoder.layer.4.attention.output.dense"":1}",132,137,137,898694,908683,908683,1074571,,,,,false,false,
NLU/output/glue/rte_allocator/greedy/ali_last_seed41/telemetry.jsonl,rank_telemetry.v1,greedy,41,0,1500,1160.4043337730018,,5,5,greedy_importance,"[""deberta.encoder.layer.3.attention.self.value_proj"",""deberta.encoder.layer.4.attention.self.value_proj"",""deberta.encoder.layer.4.intermediate.dense"",""deberta.encoder.layer.5.attention.output.dense"",""deberta.encoder.layer.8.intermediate.dense""]",5,"{""deberta.encoder.layer.3.attention.self.value_proj"":1,""deberta.encoder.layer.4.attention.self.value_proj"":1,""deberta.encoder.layer.4.intermediate.dense"":1,""deberta.encoder.layer.5.attention.output.dense"":1,""deberta.encoder.layer.8.intermediate.dense"":1}",137,142,142,908683,920976,920976,1086864,,,,,false,false,
NLU/output/glue/rte_allocator/greedy/ali_last_seed41/telemetry.jsonl,rank_telemetry.v1,greedy,41,0,1600,1238.029111807,,2,2,greedy_importance,"[""deberta.encoder.layer.10.attention.output.dense"",""deberta.encoder.layer.11.attention.self.value_proj""]",2,"{""deberta.encoder.layer.10.attention.output.dense"":1,""deberta.encoder.layer.11.attention.self.value_proj"":1}",142,144,144,920976,924050,924050,1089938,,,,,false,false,
NLU/output/glue/rte_allocator/greedy/ali_last_seed42/telemetry.jsonl,rank_telemetry.v1,greedy,42,0,200,153.9943631319984,,5,5,greedy_importance,"[""deberta.encoder.layer.6.intermediate.dense"",""deberta.encoder.layer.7.intermediate.dense"",""deberta.encoder.layer.8.intermediate.dense"",""deberta.encoder.layer.9.attention.output.dense"",""deberta.encoder.layer.9.intermediate.dense""]",5,"{""deberta.encoder.layer.6.intermediate.dense"":1,""deberta.encoder.layer.7.intermediate.dense"":1,""deberta.encoder.layer.8.intermediate.dense"":1,""deberta.encoder.layer.9.attention.output.dense"":1,""deberta.encoder.layer.9.intermediate.dense"":1}",72,77,77,758090,774991,774991,940879,,,,,false,false,
NLU/output/glue/rte_allocator/greedy/ali_last_seed42/telemetry.jsonl,rank_telemetry.v1,greedy,42,0,300,229.58880336400034,,5,5,greedy_importance,"[""deberta.encoder.layer.1.intermediate.dense"",""deberta.encoder.layer.6.attention.self.value_proj"",""deberta.encoder.layer.8.attention.output.dense"",""deberta.encoder.layer.8.intermediate.dense"",""deberta.encoder.layer.9.attention.output.dense""]",5,"{""deberta.encoder.layer.1.intermediate.dense"":1,""deberta.encoder.layer.6.attention.self.value_proj"":1,""deberta.encoder.layer.8.attention.output.dense"":1,""deberta.encoder.layer.8.intermediate.dense"":1,""deberta.encoder.layer.9.attention.output.dense"":1}",77,82,82,774991,787284,787284,953172,,,,,false,false,
NLU/output/glue/rte_allocator/greedy/ali_last_seed42/telemetry.jsonl,rank_telemetry.v1,greedy,42,0,400,307.23957191500085,,5,5,greedy_importance,"[""deberta.encoder.layer.2.intermediate.dense"",""deberta.encoder.layer.5.intermediate.dense"",""deberta.encoder.layer.6.intermediate.dense"",""deberta.encoder.layer.7.attention.self.value_proj"",""deberta.encoder.layer.7.intermediate.dense""]",5,"{""deberta.encoder.layer.2.intermediate.dense"":1,""deberta.encoder.layer.5.intermediate.dense"":1,""deberta.encoder.layer.6.intermediate.dense"":1,""deberta.encoder.layer.7.attention.self.value_proj"":1,""deberta.encoder.layer.7.intermediate.dense"":1}",82,87,87,787284,804185,804185,970073,,,,,false,false,
NLU/output/glue/rte_allocator/greedy/ali_last_seed42/telemetry.jsonl,rank_telemetry.v1,greedy,42,0,500,384.39474738300123,,5,5,greedy_importance,"[""deberta.encoder.layer.1.intermediate.dense"",""deberta.encoder.layer.4.intermediate.dense"",""deberta.encoder.layer.5.intermediate.dense"",""deberta.encoder.layer.8.attention.self.value_proj"",""deberta.encoder.layer.8.intermediate.dense""]",5,"{""deberta.encoder.layer.1.intermediate.dense"":1,""deberta.encoder.layer.4.intermediate.dense"":1,""deberta.encoder.layer.5.intermediate.dense"":1,""deberta.encoder.layer.8.attention.self.value_proj"":1,""deberta.encoder.layer.8.intermediate.dense"":1}",87,92,92,804185,821086,821086,986974,,,,,false,false,
NLU/output/glue/rte_allocator/greedy/ali_last_seed42/telemetry.jsonl,rank_telemetry.v1,greedy,42,0,600,461.81832219900025,,5,5,greedy_importance,"[""deberta.encoder.layer.3.attention.self.value_proj"",""deberta.encoder.layer.4.intermediate.dense"",""deberta.encoder.layer.7.attention.output.dense"",""deberta.encoder.layer.7.intermediate.dense"",""deberta.encoder.layer.9.intermediate.dense""]",5,"{""deberta.encoder.layer.3.attention.self.value_proj"":1,""deberta.encoder.layer.4.intermediate.dense"":1,""deberta.encoder.layer.7.attention.output.dense"":1,""deberta.encoder.layer.7.intermediate.dense"":1,""deberta.encoder.layer.9.intermediate.dense"":1}",92,97,97,821086,835683,835683,1001571,,,,,false,false,
NLU/output/glue/rte_allocator/greedy/ali_last_seed42/telemetry.jsonl,rank_telemetry.v1,greedy,42,0,700,540.4618932699996,,5,5,greedy_importance,"[""deberta.encoder.layer.2.intermediate.dense"",""deberta.encoder.layer.5.intermediate.dense"",""deberta.encoder.layer.6.attention.self.value_proj"",""deberta.encoder.layer.7.attention.self.key_proj"",""deberta.encoder.layer.7.attention.self.value_proj""]",5,"{""deberta.encoder.layer.2.intermediate.dense"":1,""deberta.encoder.layer.5.intermediate.dense"":1,""deberta.encoder.layer.6.attention.self.value_proj"":1,""deberta.encoder.layer.7.attention.self.key_proj"":1,""deberta.encoder.layer.7.attention.self.value_proj"":1}",97,102,102,835683,847976,847976,1013864,,,,,false,false,
NLU/output/glue/rte_allocator/greedy/ali_last_seed42/telemetry.jsonl,rank_telemetry.v1,greedy,42,0,800,618.0066535810001,,5,5,greedy_importance,"[""deberta.encoder.layer.1.intermediate.dense"",""deberta.encoder.layer.4.attention.self.value_proj"",""deberta.encoder.layer.5.attention.self.value_proj"",""deberta.encoder.layer.7.intermediate.dense"",""deberta.encoder.layer.8.intermediate.dense""]",5,"{""deberta.encoder.layer.1.intermediate.dense"":1,""deberta.encoder.layer.4.attention.self.value_proj"":1,""deberta.encoder.layer.5.attention.self.value_proj"":1,""deberta.encoder.layer.7.intermediate.dense"":1,""deberta.encoder.layer.8.intermediate.dense"":1}",102,107,107,847976,862573,862573,1028461,,,,,false,false,
NLU/output/glue/rte_allocator/greedy/ali_last_seed42/telemetry.jsonl,rank_telemetry.v1,greedy,42,0,900,695.8039878269992,,5,5,greedy_importance,"[""deberta.encoder.layer.3.attention.output.dense"",""deberta.encoder.layer.3.intermediate.dense"",""deberta.encoder.layer.4.attention.output.dense"",""deberta.encoder.layer.6.attention.output.dense"",""deberta.encoder.layer.8.attention.self.key_proj""]",5,"{""deberta.encoder.layer.3.attention.output.dense"":1,""deberta.encoder.layer.3.intermediate.dense"":1,""deberta.encoder.layer.4.attention.output.dense"":1,""deberta.encoder.layer.6.attention.output.dense"":1,""deberta.encoder.layer.8.attention.self.key_proj"":1}",107,112,112,862573,872562,872562,1038450,,,,,false,false,
NLU/output/glue/rte_allocator/greedy/ali_last_seed42/telemetry.jsonl,rank_telemetry.v1,greedy,42,0,1000,773.8433001859994,,5,5,greedy_importance,"[""deberta.encoder.layer.0.attention.self.query_proj"",""deberta.encoder.layer.1.attention.self.key_proj"",""deberta.encoder.layer.1.attention.output.dense"",""deberta.encoder.layer.2.attention.self.value_proj"",""deberta.encoder.layer.7.attention.self.query_proj""]",5,"{""deberta.encoder.layer.0.attention.self.query_proj"":1,""deberta.encoder.layer.1.attention.output.dense"":1,""deberta.encoder.layer.1.attention.self.key_proj"":1,""deberta.encoder.layer.2.attention.self.value_proj"":1,""deberta.encoder.layer.7.attention.self.query_proj"":1}",112,117,117,872562,880247,880247,1046135,,,,,false,false,
NLU/output/glue/rte_allocator/greedy/ali_last_seed42/telemetry.jsonl,rank_telemetry.v1,greedy,42,0,1100,851.3055500980008,,5,5,greedy_importance,"[""deberta.encoder.layer.1.attention.self.value_proj"",""deberta.encoder.layer.7.attention.self.value_proj"",""deberta.encoder.layer.7.attention.output.dense"",""deberta.encoder.layer.7.intermediate.dense"",""deberta.encoder.layer.9.attention.self.value_proj""]",5,"{""deberta.encoder.layer.1.attention.self.value_proj"":1,""deberta.encoder.layer.7.attention.output.dense"":1,""deberta.encoder.layer.7.attention.self.value_proj"":1,""deberta.encoder.layer.7.intermediate.dense"":1,""deberta.encoder.layer.9.attention.self.value_proj"":1}",117,122,122,880247,890236,890236,1056124,,,,,false,false,
NLU/output/glue/rte_allocator/greedy/ali_last_seed42/telemetry.jsonl,rank_telemetry.v1,greedy,42,0,1200,928.5867447659984,,5,5,greedy_importance,"[""deberta.encoder.layer.6.intermediate.dense"",""deberta.encoder.layer.8.attention.self.query_proj"",""deberta.encoder.layer.8.attention.self.value_proj"",""deberta.encoder.layer.8.intermediate.dense"",""deberta.encoder.layer.9.attention.output.dense""]",5,"{""deberta.encoder.layer.6.intermediate.dense"":1,""deberta.encoder.layer.8.attention.self.query_proj"":1,""deberta.encoder.layer.8.attention.self.value_proj"":1,""deberta.encoder.layer.8.intermediate.dense"":1,""deberta.encoder.layer.9.attention.output.dense"":1}",122,127,127,890236,902529,902529,1068417,,,,,false,false,
NLU/output/glue/rte_allocator/greedy/ali_last_seed42/telemetry.jsonl,rank_telemetry.v1,greedy,42,0,1300,1007.4764333579988,,5,5,greedy_importance,"[""deberta.encoder.layer.2.attention.output.dense"",""deberta.encoder.layer.6.attention.self.value_proj"",""deberta.encoder.layer.7.attention.self.value_proj"",""deberta.encoder.layer.8.attention.output.dense"",""deberta.encoder.layer.11.attention.self.key_proj""]",5,"{""deberta.encoder.layer.11.attention.self.key_proj"":1,""deberta.encoder.layer.2.attention.output.dense"":1,""deberta.encoder.layer.6.attention.self.value_proj"":1,""deberta.encoder.layer.7.attention.self.value_proj"":1,""deberta.encoder.layer.8.attention.output.dense"":1}",127,132,132,902529,910214,910214,1076102,,,,,false,false,
NLU/output/glue/rte_allocator/greedy/ali_last_seed42/telemetry.jsonl,rank_telemetry.v1,greedy,42,0,1400,1085.5812616660005,,5,5,greedy_importance,"[""deberta.encoder.layer.7.intermediate.dense"",""deberta.encoder.layer.9.intermediate.dense"",""deberta.encoder.layer.10.attention.self.key_proj"",""deberta.encoder.layer.10.intermediate.dense"",""deberta.encoder.layer.11.attention.self.value_proj""]",5,"{""deberta.encoder.layer.10.attention.self.key_proj"":1,""deberta.encoder.layer.10.intermediate.dense"":1,""deberta.encoder.layer.11.attention.self.value_proj"":1,""deberta.encoder.layer.7.intermediate.dense"":1,""deberta.encoder.layer.9.intermediate.dense"":1}",132,137,137,910214,924811,924811,1090699,,,,,false,false,
NLU/output/glue/rte_allocator/greedy/ali_last_seed42/telemetry.jsonl,rank_telemetry.v1,greedy,42,0,1500,1163.0695530369994,,5,5,greedy_importance,"[""deberta.encoder.layer.0.attention.output.dense"",""deberta.encoder.layer.0.intermediate.dense"",""deberta.encoder.layer.3.attention.self.value_proj"",""deberta.encoder.layer.5.intermediate.dense"",""deberta.encoder.layer.7.attention.self.key_proj""]",5,"{""deberta.encoder.layer.0.attention.output.dense"":1,""deberta.encoder.layer.0.intermediate.dense"":1,""deberta.encoder.layer.3.attention.self.value_proj"":1,""deberta.encoder.layer.5.intermediate.dense"":1,""deberta.encoder.layer.7.attention.self.key_proj"":1}",137,142,142,924811,937104,937104,1102992,,,,,false,false,
NLU/output/glue/rte_allocator/greedy/ali_last_seed42/telemetry.jsonl,rank_telemetry.v1,greedy,42,0,1600,1241.977045274998,,2,2,greedy_importance,"[""deberta.encoder.layer.8.attention.self.value_proj"",""deberta.encoder.layer.9.attention.self.query_proj""]",2,"{""deberta.encoder.layer.8.attention.self.value_proj"":1,""deberta.encoder.layer.9.attention.self.query_proj"":1}",142,144,144,937104,940178,940178,1106066,,,,,false,false,
NLU/output/glue/rte_allocator/greedy/ali_last_seed43/telemetry.jsonl,rank_telemetry.v1,greedy,43,0,200,154.3868250230007,,5,5,greedy_importance,"[""deberta.encoder.layer.6.attention.self.value_proj"",""deberta.encoder.layer.8.attention.self.value_proj"",""deberta.encoder.layer.8.intermediate.dense"",""deberta.encoder.layer.9.intermediate.dense"",""deberta.encoder.layer.10.intermediate.dense""]",5,"{""deberta.encoder.layer.10.intermediate.dense"":1,""deberta.encoder.layer.6.attention.self.value_proj"":1,""deberta.encoder.layer.8.attention.self.value_proj"":1,""deberta.encoder.layer.8.intermediate.dense"":1,""deberta.encoder.layer.9.intermediate.dense"":1}",72,77,77,758090,772687,772687,938575,,,,,false,false,
NLU/output/glue/rte_allocator/greedy/ali_last_seed43/telemetry.jsonl,rank_telemetry.v1,greedy,43,0,300,232.15513210599966,,5,5,greedy_importance,"[""deberta.encoder.layer.1.intermediate.dense"",""deberta.encoder.layer.5.intermediate.dense"",""deberta.encoder.layer.6.intermediate.dense"",""deberta.encoder.layer.8.attention.self.value_proj"",""deberta.encoder.layer.8.intermediate.dense""]",5,"{""deberta.encoder.layer.1.intermediate.dense"":1,""deberta.encoder.layer.5.intermediate.dense"":1,""deberta.encoder.layer.6.intermediate.dense"":1,""deberta.encoder.layer.8.attention.self.value_proj"":1,""deberta.encoder.layer.8.intermediate.dense"":1}",77,82,82,772687,789588,789588,955476,,,,,false,false,
NLU/output/glue/rte_allocator/greedy/ali_last_seed43/telemetry.jsonl,rank_telemetry.v1,greedy,43,0,400,307.5169292999999,,5,5,greedy_importance,"[""deberta.encoder.layer.1.intermediate.dense"",""deberta.encoder.layer.3.attention.output.dense"",""deberta.encoder.layer.3.intermediate.dense"",""deberta.encoder.layer.5.attention.output.dense"",""deberta.encoder.layer.6.intermediate.dense""]",5,"{""deberta.encoder.layer.1.intermediate.dense"":1,""deberta.encoder.layer.3.attention.output.dense"":1,""deberta.encoder.layer.3.intermediate.dense"":1,""deberta.encoder.layer.5.attention.output.dense"":1,""deberta.encoder.layer.6.intermediate.dense"":1}",82,87,87,789588,804185,804185,970073,,,,,false,false,
NLU/output/glue/rte_allocator/greedy/ali_last_seed43/telemetry.jsonl,rank_telemetry.v1,greedy,43,0,500,383.5973562149993,,5,5,greedy_importance,"[""deberta.encoder.layer.1.attention.self.value_proj"",""deberta.encoder.layer.4.intermediate.dense"",""deberta.encoder.layer.5.intermediate.dense"",""deberta.encoder.layer.7.intermediate.dense"",""deberta.encoder.layer.8.attention.self.query_proj""]",5,"{""deberta.encoder.layer.1.attention.self.value_proj"":1,""deberta.encoder.layer.4.intermediate.dense"":1,""deberta.encoder.layer.5.intermediate.dense"":1,""deberta.encoder.layer.7.intermediate.dense"":1,""deberta.encoder.layer.8.attention.self.query_proj"":1}",87,92,92,804185,818782,818782,984670,,,,,false,false,
NLU/output/glue/rte_allocator/greedy/ali_last_seed43/telemetry.jsonl,rank_telemetry.v1,greedy,43,0,600,459.430241484999,,5,5,greedy_importance,"[""deberta.encoder.layer.4.attention.output.dense"",""deberta.encoder.layer.6.intermediate.dense"",""deberta.encoder.layer.7.attention.output.dense"",""deberta.encoder.layer.8.intermediate.dense"",""deberta.encoder.layer.9.intermediate.dense""]",5,"{""deberta.encoder.layer.4.attention.output.dense"":1,""deberta.encoder.layer.6.intermediate.dense"":1,""deberta.encoder.layer.7.attention.output.dense"":1,""deberta.encoder.layer.8.intermediate.dense"":1,""deberta.encoder.layer.9.intermediate.dense"":1}",92,97,97,818782,833379,833379,999267,,,,,false,false,
NLU/output/glue/rte_allocator/greedy/ali_last_seed43/telemetry.jsonl,rank_telemetry.v1,greedy,43,0,700,535.3797610959991,,5,5,greedy_importance,"[""deberta.encoder.layer.5.attention.self.value_proj"",""deberta.encoder.layer.5.attention.output.dense"",""deberta.encoder.layer.5.intermediate.dense"",""deberta.encoder.layer.6.attention.self.value_proj"",""deberta.encoder.layer.6.intermediate.dense""]",5,"{""deberta.encoder.layer.5.attention.output.dense"":1,""deberta.encoder.layer.5.attention.self.value_proj"":1,""deberta.encoder.layer.5.intermediate.dense"":1,""deberta.encoder.layer.6.attention.self.value_proj"":1,""deberta.encoder.layer.6.intermediate.dense"":1}",97,102,102,833379,845672,845672,1011560,,,,,false,false,
NLU/output/glue/rte_allocator/greedy/ali_last_seed43/telemetry.jsonl,rank_telemetry.v1,greedy,43,0,800,611.4344318900003,,5,5,greedy_importance,"[""deberta.encoder.layer.0.attention.self.value_proj"",""deberta.encoder.layer.2.attention.output.dense"",""deberta.encoder.layer.7.intermediate.dense"",""deberta.encoder.layer.8.intermediate.dense"",""deberta.encoder.layer.10.intermediate.dense""]",5,"{""deberta.encoder.layer.0.attention.self.value_proj"":1,""deberta.encoder.layer.10.intermediate.dense"":1,""deberta.encoder.layer.2.attention.output.dense"":1,""deberta.encoder.layer.7.intermediate.dense"":1,""deberta.encoder.layer.8.intermediate.dense"":1}",102,107,107,845672,860269,860269,1026157,,,,,false,false,
NLU/output/glue/rte_allocator/greedy/ali_last_seed43/telemetry.jsonl,rank_telemetry.v1,greedy,43,0,900,687.9436409490008,,5,5,greedy_importance,"[""deberta.encoder.layer.0.attention.self.key_proj"",""deberta.encoder.layer.1.intermediate.dense"",""deberta.encoder.layer.6.intermediate.dense"",""deberta.encoder.layer.8.attention.self.value_proj"",""deberta.encoder.layer.9.attention.self.value_proj""]",5,"{""deberta.encoder.layer.0.attention.self.key_proj"":1,""deberta.encoder.layer.1.intermediate.dense"":1,""deberta.encoder.layer.6.intermediate.dense"":1,""deberta.encoder.layer.8.attention.self.value_proj"":1,""deberta.encoder.layer.9.attention.self.value_proj"":1}",107,112,112,860269,872562,872562,1038450,,,,,false,false,
NLU/output/glue/rte_allocator/greedy/ali_last_seed43/telemetry.jsonl,rank_telemetry.v1,greedy,43,0,1000,764.2561997269986,,5,5,greedy_importance,"[""deberta.encoder.layer.6.attention.self.value_proj"",""deberta.encoder.layer.7.attention.output.dense"",""deberta.encoder.layer.8.intermediate.dense"",""deberta.encoder.layer.10.attention.self.key_proj"",""deberta.encoder.layer.10.intermediate.dense""]",5,"{""deberta.encoder.layer.10.attention.self.key_proj"":1,""deberta.encoder.layer.10.intermediate.dense"":1,""deberta.encoder.layer.6.attention.self.value_proj"":1,""deberta.encoder.layer.7.attention.output.dense"":1,""deberta.encoder.layer.8.intermediate.dense"":1}",112,117,117,872562,884855,884855,1050743,,,,,false,false,
NLU/output/glue/rte_allocator/greedy/ali_last_seed43/telemetry.jsonl,rank_telemetry.v1,greedy,43,0,1100,840.3676345029999,,5,5,greedy_importance,"[""deberta.encoder.layer.1.attention.self.query_proj"",""deberta.encoder.layer.1.attention.self.key_proj"",""deberta.encoder.layer.4.intermediate.dense"",""deberta.encoder.layer.5.attention.output.dense"",""deberta.encoder.layer.7.attention.self.value_proj""]",5,"{""deberta.encoder.layer.1.attention.self.key_proj"":1,""deberta.encoder.layer.1.attention.self.query_proj"":1,""deberta.encoder.layer.4.intermediate.dense"":1,""deberta.encoder.layer.5.attention.output.dense"":1,""deberta.encoder.layer.7.attention.self.value_proj"":1}",117,122,122,884855,894844,894844,1060732,,,,,false,false,
NLU/output/glue/rte_allocator/greedy/ali_last_seed43/telemetry.jsonl,rank_telemetry.v1,greedy,43,0,1200,918.3924915809985,,5,5,greedy_importance,"[""deberta.encoder.layer.4.attention.self.value_proj"",""deberta.encoder.layer.4.attention.output.dense"",""deberta.encoder.layer.5.attention.self.query_proj"",""deberta.encoder.layer.5.intermediate.dense"",""deberta.encoder.layer.6.attention.self.query_proj""]",5,"{""deberta.encoder.layer.4.attention.output.dense"":1,""deberta.encoder.layer.4.attention.self.value_proj"":1,""deberta.encoder.layer.5.attention.self.query_proj"":1,""deberta.encoder.layer.5.intermediate.dense"":1,""deberta.encoder.layer.6.attention.self.query_proj"":1}",122,127,127,894844,904833,904833,1070721,,,,,false,false,
NLU/output/glue/rte_allocator/greedy/ali_last_seed43/telemetry.jsonl,rank_telemetry.v1,greedy,43,0,1300,995.6680287250019,,5,5,greedy_importance,"[""deberta.encoder.layer.6.attention.self.key_proj"",""deberta.encoder.layer.7.attention.output.dense"",""deberta.encoder.layer.8.attention.self.value_proj"",""deberta.encoder.layer.8.attention.output.dense"",""deberta.encoder.layer.9.attention.self.key_proj""]",5,"{""deberta.encoder.layer.6.attention.self.key_proj"":1,""deberta.encoder.layer.7.attention.output.dense"":1,""deberta.encoder.layer.8.attention.output.dense"":1,""deberta.encoder.layer.8.attention.self.value_proj"":1,""deberta.encoder.layer.9.attention.self.key_proj"":1}",127,132,132,904833,912518,912518,1078406,,,,,false,false,
NLU/output/glue/rte_allocator/greedy/ali_last_seed43/telemetry.jsonl,rank_telemetry.v1,greedy,43,0,1400,1072.1220360330008,,5,5,greedy_importance,"[""deberta.encoder.layer.6.attention.output.dense"",""deberta.encoder.layer.8.attention.self.query_proj"",""deberta.encoder.layer.8.attention.self.key_proj"",""deberta.encoder.layer.10.attention.self.value_proj"",""deberta.encoder.layer.10.attention.output.dense""]",5,"{""deberta.encoder.layer.10.attention.output.dense"":1,""deberta.encoder.layer.10.attention.self.value_proj"":1,""deberta.encoder.layer.6.attention.output.dense"":1,""deberta.encoder.layer.8.attention.self.key_proj"":1,""deberta.encoder.layer.8.attention.self.query_proj"":1}",132,137,137,912518,920203,920203,1086091,,,,,false,false,
NLU/output/glue/rte_allocator/greedy/ali_last_seed43/telemetry.jsonl,rank_telemetry.v1,greedy,43,0,1500,1150.235137216001,,5,5,greedy_importance,"[""deberta.encoder.layer.1.attention.self.value_proj"",""deberta.encoder.layer.3.attention.output.dense"",""deberta.encoder.layer.3.intermediate.dense"",""deberta.encoder.layer.8.intermediate.dense"",""deberta.encoder.layer.9.attention.self.value_proj""]",5,"{""deberta.encoder.layer.1.attention.self.value_proj"":1,""deberta.encoder.layer.3.attention.output.dense"":1,""deberta.encoder.layer.3.intermediate.dense"":1,""deberta.encoder.layer.8.intermediate.dense"":1,""deberta.encoder.layer.9.attention.self.value_proj"":1}",137,142,142,920203,932496,932496,1098384,,,,,false,false,
NLU/output/glue/rte_allocator/greedy/ali_last_seed43/telemetry.jsonl,rank_telemetry.v1,greedy,43,0,1600,1228.4105046190016,,2,2,greedy_importance,"[""deberta.encoder.layer.0.attention.output.dense"",""deberta.encoder.layer.8.attention.self.value_proj""]",2,"{""deberta.encoder.layer.0.attention.output.dense"":1,""deberta.encoder.layer.8.attention.self.value_proj"":1}",142,144,144,932496,935570,935570,1101458,,,,,false,false,
NLU/output/glue/rte_allocator/greedy/ali_last_seed44/telemetry.jsonl,rank_telemetry.v1,greedy,44,0,200,157.74242209299996,,5,5,greedy_importance,"[""deberta.encoder.layer.4.attention.self.value_proj"",""deberta.encoder.layer.6.intermediate.dense"",""deberta.encoder.layer.7.intermediate.dense"",""deberta.encoder.layer.8.attention.output.dense"",""deberta.encoder.layer.9.intermediate.dense""]",5,"{""deberta.encoder.layer.4.attention.self.value_proj"":1,""deberta.encoder.layer.6.intermediate.dense"":1,""deberta.encoder.layer.7.intermediate.dense"":1,""deberta.encoder.layer.8.attention.output.dense"":1,""deberta.encoder.layer.9.intermediate.dense"":1}",72,77,77,758090,772687,772687,938575,,,,,false,false,
NLU/output/glue/rte_allocator/greedy/ali_last_seed44/telemetry.jsonl,rank_telemetry.v1,greedy,44,0,300,238.252589554,,5,5,greedy_importance,"[""deberta.encoder.layer.5.attention.self.value_proj"",""deberta.encoder.layer.6.attention.self.value_proj"",""deberta.encoder.layer.7.intermediate.dense"",""deberta.encoder.layer.9.intermediate.dense"",""deberta.encoder.layer.10.intermediate.dense""]",5,"{""deberta.encoder.layer.10.intermediate.dense"":1,""deberta.encoder.layer.5.attention.self.value_proj"":1,""deberta.encoder.layer.6.attention.self.value_proj"":1,""deberta.encoder.layer.7.intermediate.dense"":1,""deberta.encoder.layer.9.intermediate.dense"":1}",77,82,82,772687,787284,787284,953172,,,,,false,false,
NLU/output/glue/rte_allocator/greedy/ali_last_seed44/telemetry.jsonl,rank_telemetry.v1,greedy,44,0,400,317.364885276,,5,5,greedy_importance,"[""deberta.encoder.layer.3.intermediate.dense"",""deberta.encoder.layer.4.intermediate.dense"",""deberta.encoder.layer.6.intermediate.dense"",""deberta.encoder.layer.7.intermediate.dense"",""deberta.encoder.layer.8.intermediate.dense""]",5,"{""deberta.encoder.layer.3.intermediate.dense"":1,""deberta.encoder.layer.4.intermediate.dense"":1,""deberta.encoder.layer.6.intermediate.dense"":1,""deberta.encoder.layer.7.intermediate.dense"":1,""deberta.encoder.layer.8.intermediate.dense"":1}",82,87,87,787284,806489,806489,972377,,,,,false,false,
NLU/output/glue/rte_allocator/greedy/ali_last_seed44/telemetry.jsonl,rank_telemetry.v1,greedy,44,0,500,396.9867804349999,,5,5,greedy_importance,"[""deberta.encoder.layer.1.intermediate.dense"",""deberta.encoder.layer.2.intermediate.dense"",""deberta.encoder.layer.4.attention.output.dense"",""deberta.encoder.layer.7.attention.output.dense"",""deberta.encoder.layer.7.intermediate.dense""]",5,"{""deberta.encoder.layer.1.intermediate.dense"":1,""deberta.encoder.layer.2.intermediate.dense"":1,""deberta.encoder.layer.4.attention.output.dense"":1,""deberta.encoder.layer.7.attention.output.dense"":1,""deberta.encoder.layer.7.intermediate.dense"":1}",87,92,92,806489,821086,821086,986974,,,,,false,false,
NLU/output/glue/rte_allocator/greedy/ali_last_seed44/telemetry.jsonl,rank_telemetry.v1,greedy,44,0,600,477.86457317200006,,5,5,greedy_importance,"[""deberta.encoder.layer.0.attention.self.value_proj"",""deberta.encoder.layer.4.intermediate.dense"",""deberta.encoder.layer.5.attention.output.dense"",""deberta.encoder.layer.7.intermediate.dense"",""deberta.encoder.layer.8.attention.self.key_proj""]",5,"{""deberta.encoder.layer.0.attention.self.value_proj"":1,""deberta.encoder.layer.4.intermediate.dense"":1,""deberta.encoder.layer.5.attention.output.dense"":1,""deberta.encoder.layer.7.intermediate.dense"":1,""deberta.encoder.layer.8.attention.self.key_proj"":1}",92,97,97,821086,833379,833379,999267,,,,,false,false,
NLU/output/glue/rte_allocator/greedy/ali_last_seed44/telemetry.jsonl,rank_telemetry.v1,greedy,44,0,700,558.217929745,,5,5,greedy_importance,"[""deberta.encoder.layer.3.intermediate.dense"",""deberta.encoder.layer.6.attention.output.dense"",""deberta.encoder.layer.6.intermediate.dense"",""deberta.encoder.layer.8.attention.self.value_proj"",""deberta.encoder.layer.9.intermediate.dense""]",5,"{""deberta.encoder.layer.3.intermediate.dense"":1,""deberta.encoder.layer.6.attention.output.dense"":1,""deberta.encoder.layer.6.intermediate.dense"":1,""deberta.encoder.layer.8.attention.self.value_proj"":1,""deberta.encoder.layer.9.intermediate.dense"":1}",97,102,102,833379,847976,847976,1013864,,,,,false,false,
NLU/output/glue/rte_allocator/greedy/ali_last_seed44/telemetry.jsonl,rank_telemetry.v1,greedy,44,0,800,634.5729048769999,,5,5,greedy_importance,"[""deberta.encoder.layer.3.attention.output.dense"",""deberta.encoder.layer.4.intermediate.dense"",""deberta.encoder.layer.6.attention.self.key_proj"",""deberta.encoder.layer.8.attention.output.dense"",""deberta.encoder.layer.9.attention.self.value_proj""]",5,"{""deberta.encoder.layer.3.attention.output.dense"":1,""deberta.encoder.layer.4.intermediate.dense"":1,""deberta.encoder.layer.6.attention.self.key_proj"":1,""deberta.encoder.layer.8.attention.output.dense"":1,""deberta.encoder.layer.9.attention.self.value_proj"":1}",102,107,107,847976,857965,857965,1023853,,,,,false,false,
NLU/output/glue/rte_allocator/greedy/ali_last_seed44/telemetry.jsonl,rank_telemetry.v1,greedy,44,0,900,712.941901276,,5,5,greedy_importance,"[""deberta.encoder.layer.7.attention.output.dense"",""deberta.encoder.layer.7.intermediate.dense"",""deberta.encoder.layer.8.attention.self.value_proj"",""deberta.encoder.layer.8.intermediate.dense"",""deberta.encoder.layer.9.attention.self.key_proj""]",5,"{""deberta.encoder.layer.7.attention.output.dense"":1,""deberta.encoder.layer.7.intermediate.dense"":1,""deberta.encoder.layer.8.attention.self.value_proj"":1,""deberta.encoder.layer.8.intermediate.dense"":1,""deberta.encoder.layer.9.attention.self.key_proj"":1}",107,112,112,857965,870258,870258,1036146,,,,,false,false,
NLU/output/glue/rte_allocator/greedy/ali_last_seed44/telemetry.jsonl,rank_telemetry.v1,greedy,44,0,1000,791.176061739,,5,5,greedy_importance,"[""deberta.encoder.layer.0.attention.self.query_proj"",""deberta.encoder.layer.0.attention.self.value_proj"",""deberta.encoder.layer.0.attention.output.dense"",""deberta.encoder.layer.4.attention.self.value_proj"",""deberta.encoder.layer.11.attention.self.key_proj""]",5,"{""deberta.encoder.layer.0.attention.output.dense"":1,""deberta.encoder.layer.0.attention.self.query_proj"":1,""deberta.encoder.layer.0.attention.self.value_proj"":1,""deberta.encoder.layer.11.attention.self.key_proj"":1,""deberta.encoder.layer.4.attention.self.value_proj"":1}",112,117,117,870258,877943,877943,1043831,,,,,false,false,
NLU/output/glue/rte_allocator/greedy/ali_last_seed44/telemetry.jsonl,rank_telemetry.v1,greedy,44,0,1100,870.1486888249999,,5,5,greedy_importance,"[""deberta.encoder.layer.2.intermediate.dense"",""deberta.encoder.layer.4.attention.output.dense"",""deberta.encoder.layer.5.attention.output.dense"",""deberta.encoder.layer.8.attention.output.dense"",""deberta.encoder.layer.10.attention.self.value_proj""]",5,"{""deberta.encoder.layer.10.attention.self.value_proj"":1,""deberta.encoder.layer.2.intermediate.dense"":1,""deberta.encoder.layer.4.attention.output.dense"":1,""deberta.encoder.layer.5.attention.output.dense"":1,""deberta.encoder.layer.8.attention.output.dense"":1}",117,122,122,877943,887932,887932,1053820,,,,,false,false,
NLU/output/glue/rte_allocator/greedy/ali_last_seed44/telemetry.jsonl,rank_telemetry.v1,greedy,44,0,1200,951.1746007889999,,5,5,greedy_importance,"[""deberta.encoder.layer.1.attention.self.value_proj"",""deberta.encoder.layer.4.intermediate.dense"",""deberta.encoder.layer.6.attention.self.value_proj"",""deberta.encoder.layer.8.attention.self.key_proj"",""deberta.encoder.layer.10.attention.self.key_proj""]",5,"{""deberta.encoder.layer.1.attention.self.value_proj"":1,""deberta.encoder.layer.10.attention.self.key_proj"":1,""deberta.encoder.layer.4.intermediate.dense"":1,""deberta.encoder.layer.6.attention.self.value_proj"":1,""deberta.encoder.layer.8.attention.self.key_proj"":1}",122,127,127,887932,897921,897921,1063809,,,,,false,false,
NLU/output/glue/rte_allocator/greedy/ali_last_seed44/telemetry.jsonl,rank_telemetry.v1,greedy,44,0,1300,1033.697715972,,5,5,greedy_importance,"[""deberta.encoder.layer.1.intermediate.dense"",""deberta.encoder.layer.5.attention.self.value_proj"",""deberta.encoder.layer.7.attention.self.key_proj"",""deberta.encoder.layer.7.intermediate.dense"",""deberta.encoder.layer.8.attention.self.query_proj""]",5,"{""deberta.encoder.layer.1.intermediate.dense"":1,""deberta.encoder.layer.5.attention.self.value_proj"":1,""deberta.encoder.layer.7.attention.self.key_proj"":1,""deberta.encoder.layer.7.intermediate.dense"":1,""deberta.encoder.layer.8.attention.self.query_proj"":1}",127,132,132,897921,910214,910214,1076102,,,,,false,false,
NLU/output/glue/rte_allocator/greedy/ali_last_seed44/telemetry.jsonl,rank_telemetry.v1,greedy,44,0,1400,1114.26663342,,5,5,greedy_importance,"[""deberta.encoder.layer.1.attention.output.dense"",""deberta.encoder.layer.2.attention.self.value_proj"",""deberta.encoder.layer.3.attention.self.key_proj"",""deberta.encoder.layer.9.intermediate.dense"",""deberta.encoder.layer.10.intermediate.dense""]",5,"{""deberta.encoder.layer.1.attention.output.dense"":1,""deberta.encoder.layer.10.intermediate.dense"":1,""deberta.encoder.layer.2.attention.self.value_proj"":1,""deberta.encoder.layer.3.attention.self.key_proj"":1,""deberta.encoder.layer.9.intermediate.dense"":1}",132,137,137,910214,922507,922507,1088395,,,,,false,false,
NLU/output/glue/rte_allocator/greedy/ali_last_seed44/telemetry.jsonl,rank_telemetry.v1,greedy,44,0,1500,1195.327676072,,5,5,greedy_importance,"[""deberta.encoder.layer.6.attention.output.dense"",""deberta.encoder.layer.8.attention.self.value_proj"",""deberta.encoder.layer.9.attention.self.query_proj"",""deberta.encoder.layer.9.attention.self.value_proj"",""deberta.encoder.layer.10.attention.self.query_proj""]",5,"{""deberta.encoder.layer.10.attention.self.query_proj"":1,""deberta.encoder.layer.6.attention.output.dense"":1,""deberta.encoder.layer.8.attention.self.value_proj"":1,""deberta.encoder.layer.9.attention.self.query_proj"":1,""deberta.encoder.layer.9.attention.self.value_proj"":1}",137,142,142,922507,930192,930192,1096080,,,,,false,false,
NLU/output/glue/rte_allocator/greedy/ali_last_seed44/telemetry.jsonl,rank_telemetry.v1,greedy,44,0,1600,1278.0207987439999,,2,2,greedy_importance,"[""deberta.encoder.layer.1.attention.self.query_proj"",""deberta.encoder.layer.6.intermediate.dense""]",2,"{""deberta.encoder.layer.1.attention.self.query_proj"":1,""deberta.encoder.layer.6.intermediate.dense"":1}",142,144,144,930192,935570,935570,1101458,,,,,false,false,
NLU/output/glue/rte_allocator/greedy/ali_last_seed45/telemetry.jsonl,rank_telemetry.v1,greedy,45,0,200,154.93124940799999,,5,5,greedy_importance,"[""deberta.encoder.layer.4.intermediate.dense"",""deberta.encoder.layer.5.intermediate.dense"",""deberta.encoder.layer.6.attention.self.value_proj"",""deberta.encoder.layer.9.intermediate.dense"",""deberta.encoder.layer.10.attention.self.value_proj""]",5,"{""deberta.encoder.layer.10.attention.self.value_proj"":1,""deberta.encoder.layer.4.intermediate.dense"":1,""deberta.encoder.layer.5.intermediate.dense"":1,""deberta.encoder.layer.6.attention.self.value_proj"":1,""deberta.encoder.layer.9.intermediate.dense"":1}",72,77,77,758090,772687,772687,938575,,,,,false,false,
NLU/output/glue/rte_allocator/greedy/ali_last_seed45/telemetry.jsonl,rank_telemetry.v1,greedy,45,0,300,232.12690888700035,,5,5,greedy_importance,"[""deberta.encoder.layer.5.intermediate.dense"",""deberta.encoder.layer.7.attention.self.value_proj"",""deberta.encoder.layer.7.intermediate.dense"",""deberta.encoder.layer.9.intermediate.dense"",""deberta.encoder.layer.10.intermediate.dense""]",5,"{""deberta.encoder.layer.10.intermediate.dense"":1,""deberta.encoder.layer.5.intermediate.dense"":1,""deberta.encoder.layer.7.attention.self.value_proj"":1,""deberta.encoder.layer.7.intermediate.dense"":1,""deberta.encoder.layer.9.intermediate.dense"":1}",77,82,82,772687,789588,789588,955476,,,,,false,false,
NLU/output/glue/rte_allocator/greedy/ali_last_seed45/telemetry.jsonl,rank_telemetry.v1,greedy,45,0,400,308.98527164200004,,5,5,greedy_importance,"[""deberta.encoder.layer.4.intermediate.dense"",""deberta.encoder.layer.6.attention.self.value_proj"",""deberta.encoder.layer.6.intermediate.dense"",""deberta.encoder.layer.7.attention.output.dense"",""deberta.encoder.layer.8.intermediate.dense""]",5,"{""deberta.encoder.layer.4.intermediate.dense"":1,""deberta.encoder.layer.6.attention.self.value_proj"":1,""deberta.encoder.layer.6.intermediate.dense"":1,""deberta.encoder.layer.7.attention.output.dense"":1,""deberta.encoder.layer.8.intermediate.dense"":1}",82,87,87,789588,804185,804185,970073,,,,,false,false,
NLU/output/glue/rte_allocator/greedy/ali_last_seed45/telemetry.jsonl,rank_telemetry.v1,greedy,45,0,500,386.0898483830001,,5,5,greedy_importance,"[""deberta.encoder.layer.2.intermediate.dense"",""deberta.encoder.layer.3.intermediate.dense"",""deberta.encoder.layer.6.attention.output.dense"",""deberta.encoder.layer.9.attention.output.dense"",""deberta.encoder.layer.10.intermediate.dense""]",5,"{""deberta.encoder.layer.10.intermediate.dense"":1,""deberta.encoder.layer.2.intermediate.dense"":1,""deberta.encoder.layer.3.intermediate.dense"":1,""deberta.encoder.layer.6.attention.output.dense"":1,""deberta.encoder.layer.9.attention.output.dense"":1}",87,92,92,804185,818782,818782,984670,,,,,false,false,
NLU/output/glue/rte_allocator/greedy/ali_last_seed45/telemetry.jsonl,rank_telemetry.v1,greedy,45,0,600,462.7677163640001,,5,5,greedy_importance,"[""deberta.encoder.layer.0.attention.self.value_proj"",""deberta.encoder.layer.1.intermediate.dense"",""deberta.encoder.layer.5.attention.self.value_proj"",""deberta.encoder.layer.5.intermediate.dense"",""deberta.encoder.layer.9.intermediate.dense""]",5,"{""deberta.encoder.layer.0.attention.self.value_proj"":1,""deberta.encoder.layer.1.intermediate.dense"":1,""deberta.encoder.layer.5.attention.self.value_proj"":1,""deberta.encoder.layer.5.intermediate.dense"":1,""deberta.encoder.layer.9.intermediate.dense"":1}",92,97,97,818782,833379,833379,999267,,,,,false,false,
NLU/output/glue/rte_allocator/greedy/ali_last_seed45/telemetry.jsonl,rank_telemetry.v1,greedy,45,0,700,540.9156780540002,,5,5,greedy_importance,"[""deberta.encoder.layer.4.attention.self.value_proj"",""deberta.encoder.layer.7.attention.self.value_proj"",""deberta.encoder.layer.7.attention.output.dense"",""deberta.encoder.layer.7.intermediate.dense"",""deberta.encoder.layer.8.intermediate.dense""]",5,"{""deberta.encoder.layer.4.attention.self.value_proj"":1,""deberta.encoder.layer.7.attention.output.dense"":1,""deberta.encoder.layer.7.attention.self.value_proj"":1,""deberta.encoder.layer.7.intermediate.dense"":1,""deberta.encoder.layer.8.intermediate.dense"":1}",97,102,102,833379,845672,845672,1011560,,,,,false,false,
NLU/output/glue/rte_allocator/greedy/ali_last_seed45/telemetry.jsonl,rank_telemetry.v1,greedy,45,0,800,617.618753662,,5,5,greedy_importance,"[""deberta.encoder.layer.4.intermediate.dense"",""deberta.encoder.layer.5.attention.self.value_proj"",""deberta.encoder.layer.5.attention.output.dense"",""deberta.encoder.layer.6.attention.self.value_proj"",""deberta.encoder.layer.8.attention.self.key_proj""]",5,"{""deberta.encoder.layer.4.intermediate.dense"":1,""deberta.encoder.layer.5.attention.output.dense"":1,""deberta.encoder.layer.5.attention.self.value_proj"":1,""deberta.encoder.layer.6.attention.self.value_proj"":1,""deberta.encoder.layer.8.attention.self.key_proj"":1}",102,107,107,845672,855661,855661,1021549,,,,,false,false,
NLU/output/glue/rte_allocator/greedy/ali_last_seed45/telemetry.jsonl,rank_telemetry.v1,greedy,45,0,900,694.4093297500003,,5,5,greedy_importance,"[""deberta.encoder.layer.5.intermediate.dense"",""deberta.encoder.layer.7.attention.output.dense"",""deberta.encoder.layer.9.attention.self.value_proj"",""deberta.encoder.layer.10.attention.self.value_proj"",""deberta.encoder.layer.10.attention.output.dense""]",5,"{""deberta.encoder.layer.10.attention.output.dense"":1,""deberta.encoder.layer.10.attention.self.value_proj"":1,""deberta.encoder.layer.5.intermediate.dense"":1,""deberta.encoder.layer.7.attention.output.dense"":1,""deberta.encoder.layer.9.attention.self.value_proj"":1}",107,112,112,855661,865650,865650,1031538,,,,,false,false,
NLU/output/glue/rte_allocator/greedy/ali_last_seed45/telemetry.jsonl,rank_telemetry.v1,greedy,45,0,1000,774.2719175310003,,5,5,greedy_importance,"[""deberta.encoder.layer.0.attention.self.query_proj"",""deberta.encoder.layer.0.attention.output.dense"",""deberta.encoder.layer.2.attention.self.value_proj"",""deberta.encoder.layer.3.attention.output.dense"",""deberta.encoder.layer.7.attention.self.key_proj""]",5,"{""deberta.encoder.layer.0.attention.output.dense"":1,""deberta.encoder.layer.0.attention.self.query_proj"":1,""deberta.encoder.layer.2.attention.self.value_proj"":1,""deberta.encoder.layer.3.attention.output.dense"":1,""deberta.encoder.layer.7.attention.self.key_proj"":1}",112,117,117,865650,873335,873335,1039223,,,,,false,false,
NLU/output/glue/rte_allocator/greedy/ali_last_seed45/telemetry.jsonl,rank_telemetry.v1,greedy,45,0,1100,853.0494333690003,,5,5,greedy_importance,"[""deberta.encoder.layer.1.attention.self.query_proj"",""deberta.encoder.layer.8.attention.self.value_proj"",""deberta.encoder.layer.9.attention.output.dense"",""deberta.encoder.layer.10.attention.self.key_proj"",""deberta.encoder.layer.11.attention.self.key_proj""]",5,"{""deberta.encoder.layer.1.attention.self.query_proj"":1,""deberta.encoder.layer.10.attention.self.key_proj"":1,""deberta.encoder.layer.11.attention.self.key_proj"":1,""deberta.encoder.layer.8.attention.self.value_proj"":1,""deberta.encoder.layer.9.attention.output.dense"":1}",117,122,122,873335,881020,881020,1046908,,,,,false,false,
NLU/output/glue/rte_allocator/greedy/ali_last_seed45/telemetry.jsonl,rank_telemetry.v1,greedy,45,0,1200,932.7567147540003,,5,5,greedy_importance,"[""deberta.encoder.layer.5.attention.self.key_proj"",""deberta.encoder.layer.6.attention.self.value_proj"",""deberta.encoder.layer.6.attention.output.dense"",""deberta.encoder.layer.6.intermediate.dense"",""deberta.encoder.layer.7.attention.output.dense""]",5,"{""deberta.encoder.layer.5.attention.self.key_proj"":1,""deberta.encoder.layer.6.attention.output.dense"":1,""deberta.encoder.layer.6.attention.self.value_proj"":1,""deberta.encoder.layer.6.intermediate.dense"":1,""deberta.encoder.layer.7.attention.output.dense"":1}",122,127,127,881020,891009,891009,1056897,,,,,false,false,
NLU/output/glue/rte_allocator/greedy/ali_last_seed45/telemetry.jsonl,rank_telemetry.v1,greedy,45,0,1300,1014.8649140960001,,5,5,greedy_importance,"[""deberta.encoder.layer.1.attention.self.value_proj"",""deberta.encoder.layer.3.attention.self.value_proj"",""deberta.encoder.layer.5.attention.self.query_proj"",""deberta.encoder.layer.8.intermediate.dense"",""deberta.encoder.layer.9.attention.self.query_proj""]",5,"{""deberta.encoder.layer.1.attention.self.value_proj"":1,""deberta.encoder.layer.3.attention.self.value_proj"":1,""deberta.encoder.layer.5.attention.self.query_proj"":1,""deberta.encoder.layer.8.intermediate.dense"":1,""deberta.encoder.layer.9.attention.self.query_proj"":1}",127,132,132,891009,900998,900998,1066886,,,,,false,false,
NLU/output/glue/rte_allocator/greedy/ali_last_seed45/telemetry.jsonl,rank_telemetry.v1,greedy,45,0,1400,1095.9163156040004,,5,5,greedy_importance,"[""deberta.encoder.layer.5.attention.self.value_proj"",""deberta.encoder.layer.5.intermediate.dense"",""deberta.encoder.layer.6.attention.output.dense"",""deberta.encoder.layer.7.attention.self.value_proj"",""deberta.encoder.layer.7.intermediate.dense""]",5,"{""deberta.encoder.layer.5.attention.self.value_proj"":1,""deberta.encoder.layer.5.intermediate.dense"":1,""deberta.encoder.layer.6.attention.output.dense"":1,""deberta.encoder.layer.7.attention.self.value_proj"":1,""deberta.encoder.layer.7.intermediate.dense"":1}",132,137,137,900998,913291,913291,1079179,,,,,false,false,
NLU/output/glue/rte_allocator/greedy/ali_last_seed45/telemetry.jsonl,rank_telemetry.v1,greedy,45,0,1500,1175.813404606,,5,5,greedy_importance,"[""deberta.encoder.layer.2.intermediate.dense"",""deberta.encoder.layer.3.attention.self.key_proj"",""deberta.encoder.layer.4.intermediate.dense"",""deberta.encoder.layer.5.attention.output.dense"",""deberta.encoder.layer.9.attention.self.value_proj""]",5,"{""deberta.encoder.layer.2.intermediate.dense"":1,""deberta.encoder.layer.3.attention.self.key_proj"":1,""deberta.encoder.layer.4.intermediate.dense"":1,""deberta.encoder.layer.5.attention.output.dense"":1,""deberta.encoder.layer.9.attention.self.value_proj"":1}",137,142,142,913291,925584,925584,1091472,,,,,false,false,
NLU/output/glue/rte_allocator/greedy/ali_last_seed45/telemetry.jsonl,rank_telemetry.v1,greedy,45,0,1600,1259.713228825,,2,2,greedy_importance,"[""deberta.encoder.layer.9.intermediate.dense"",""deberta.encoder.layer.10.intermediate.dense""]",2,"{""deberta.encoder.layer.10.intermediate.dense"":1,""deberta.encoder.layer.9.intermediate.dense"":1}",142,144,144,925584,933266,933266,1099154,,,,,false,false,
NLU/output/glue/rte_allocator/greedy/ali_last_seed46/telemetry.jsonl,rank_telemetry.v1,greedy,46,0,200,169.6957189509999,,5,5,greedy_importance,"[""deberta.encoder.layer.6.intermediate.dense"",""deberta.encoder.layer.7.attention.self.value_proj"",""deberta.encoder.layer.7.intermediate.dense"",""deberta.encoder.layer.8.intermediate.dense"",""deberta.encoder.layer.10.intermediate.dense""]",5,"{""deberta.encoder.layer.10.intermediate.dense"":1,""deberta.encoder.layer.6.intermediate.dense"":1,""deberta.encoder.layer.7.attention.self.value_proj"":1,""deberta.encoder.layer.7.intermediate.dense"":1,""deberta.encoder.layer.8.intermediate.dense"":1}",72,77,77,758090,774991,774991,940879,,,,,false,false,
NLU/output/glue/rte_allocator/greedy/ali_last_seed46/telemetry.jsonl,rank_telemetry.v1,greedy,46,0,300,251.40064843899995,,5,5,greedy_importance,"[""deberta.encoder.layer.4.intermediate.dense"",""deberta.encoder.layer.7.intermediate.dense"",""deberta.encoder.layer.8.attention.self.value_proj"",""deberta.encoder.layer.8.intermediate.dense"",""deberta.encoder.layer.10.intermediate.dense""]",5,"{""deberta.encoder.layer.10.intermediate.dense"":1,""deberta.encoder.layer.4.intermediate.dense"":1,""deberta.encoder.layer.7.intermediate.dense"":1,""deberta.encoder.layer.8.attention.self.value_proj"":1,""deberta.encoder.layer.8.intermediate.dense"":1}",77,82,82,774991,791892,791892,957780,,,,,false,false,
NLU/output/glue/rte_allocator/greedy/ali_last_seed46/telemetry.jsonl,rank_telemetry.v1,greedy,46,0,400,335.77530234899996,,5,5,greedy_importance,"[""deberta.encoder.layer.5.intermediate.dense"",""deberta.encoder.layer.6.intermediate.dense"",""deberta.encoder.layer.8.intermediate.dense"",""deberta.encoder.layer.10.attention.self.query_proj"",""deberta.encoder.layer.10.intermediate.dense""]",5,"{""deberta.encoder.layer.10.attention.self.query_proj"":1,""deberta.encoder.layer.10.intermediate.dense"":1,""deberta.encoder.layer.5.intermediate.dense"":1,""deberta.encoder.layer.6.intermediate.dense"":1,""deberta.encoder.layer.8.intermediate.dense"":1}",82,87,87,791892,808793,808793,974681,,,,,false,false,
NLU/output/glue/rte_allocator/greedy/ali_last_seed46/telemetry.jsonl,rank_telemetry.v1,greedy,46,0,500,419.1851254369999,,5,5,greedy_importance,"[""deberta.encoder.layer.0.attention.output.dense"",""deberta.encoder.layer.4.intermediate.dense"",""deberta.encoder.layer.6.attention.output.dense"",""deberta.encoder.layer.7.intermediate.dense"",""deberta.encoder.layer.9.attention.self.value_proj""]",5,"{""deberta.encoder.layer.0.attention.output.dense"":1,""deberta.encoder.layer.4.intermediate.dense"":1,""deberta.encoder.layer.6.attention.output.dense"":1,""deberta.encoder.layer.7.intermediate.dense"":1,""deberta.encoder.layer.9.attention.self.value_proj"":1}",87,92,92,808793,821086,821086,986974,,,,,false,false,
NLU/output/glue/rte_allocator/greedy/ali_last_seed46/telemetry.jsonl,rank_telemetry.v1,greedy,46,0,600,501.570414538,,5,5,greedy_importance,"[""deberta.encoder.layer.3.attention.self.value_proj"",""deberta.encoder.layer.3.intermediate.dense"",""deberta.encoder.layer.5.intermediate.dense"",""deberta.encoder.layer.7.attention.self.value_proj"",""deberta.encoder.layer.8.attention.self.value_proj""]",5,"{""deberta.encoder.layer.3.attention.self.value_proj"":1,""deberta.encoder.layer.3.intermediate.dense"":1,""deberta.encoder.layer.5.intermediate.dense"":1,""deberta.encoder.layer.7.attention.self.value_proj"":1,""deberta.encoder.layer.8.attention.self.value_proj"":1}",92,97,97,821086,833379,833379,999267,,,,,false,false,
NLU/output/glue/rte_allocator/greedy/ali_last_seed46/telemetry.jsonl,rank_telemetry.v1,greedy,46,0,700,586.653479925,,5,5,greedy_importance,"[""deberta.encoder.layer.6.intermediate.dense"",""deberta.encoder.layer.8.intermediate.dense"",""deberta.encoder.layer.9.attention.output.dense"",""deberta.encoder.layer.9.intermediate.dense"",""deberta.encoder.layer.10.attention.self.key_proj""]",5,"{""deberta.encoder.layer.10.attention.self.key_proj"":1,""deberta.encoder.layer.6.intermediate.dense"":1,""deberta.encoder.layer.8.intermediate.dense"":1,""deberta.encoder.layer.9.attention.output.dense"":1,""deberta.encoder.layer.9.intermediate.dense"":1}",97,102,102,833379,847976,847976,1013864,,,,,false,false,
NLU/output/glue/rte_allocator/greedy/ali_last_seed46/telemetry.jsonl,rank_telemetry.v1,greedy,46,0,800,670.526490517,,5,5,greedy_importance,"[""deberta.encoder.layer.1.attention.self.value_proj"",""deberta.encoder.layer.7.intermediate.dense"",""deberta.encoder.layer.8.attention.self.query_proj"",""deberta.encoder.layer.8.attention.self.key_proj"",""deberta.encoder.layer.9.attention.self.key_proj""]",5,"{""deberta.encoder.layer.1.attention.self.value_proj"":1,""deberta.encoder.layer.7.intermediate.dense"":1,""deberta.encoder.layer.8.attention.self.key_proj"":1,""deberta.encoder.layer.8.attention.self.query_proj"":1,""deberta.encoder.layer.9.attention.self.key_proj"":1}",102,107,107,847976,857965,857965,1023853,,,,,false,false,
NLU/output/glue/rte_allocator/greedy/ali_last_seed46/telemetry.jsonl,rank_telemetry.v1,greedy,46,0,900,753.5060187779998,,5,5,greedy_importance,"[""deberta.encoder.layer.0.attention.output.dense"",""deberta.encoder.layer.1.intermediate.dense"",""deberta.encoder.layer.4.intermediate.dense"",""deberta.encoder.layer.6.attention.self.value_proj"",""deberta.encoder.layer.8.attention.self.value_proj""]",5,"{""deberta.encoder.layer.0.attention.output.dense"":1,""deberta.encoder.layer.1.intermediate.dense"":1,""deberta.encoder.layer.4.intermediate.dense"":1,""deberta.encoder.layer.6.attention.self.value_proj"":1,""deberta.encoder.layer.8.attention.self.value_proj"":1}",107,112,112,857965,870258,870258,1036146,,,,,false,false,
NLU/output/glue/rte_allocator/greedy/ali_last_seed46/telemetry.jsonl,rank_telemetry.v1,greedy,46,0,1000,838.945649684,,5,5,greedy_importance,"[""deberta.encoder.layer.2.attention.output.dense"",""deberta.encoder.layer.5.attention.self.value_proj"",""deberta.encoder.layer.7.attention.output.dense"",""deberta.encoder.layer.8.attention.output.dense"",""deberta.encoder.layer.8.intermediate.dense""]",5,"{""deberta.encoder.layer.2.attention.output.dense"":1,""deberta.encoder.layer.5.attention.self.value_proj"":1,""deberta.encoder.layer.7.attention.output.dense"":1,""deberta.encoder.layer.8.attention.output.dense"":1,""deberta.encoder.layer.8.intermediate.dense"":1}",112,117,117,870258,880247,880247,1046135,,,,,false,false,
NLU/output/glue/rte_allocator/greedy/ali_last_seed46/telemetry.jsonl,rank_telemetry.v1,greedy,46,0,1100,923.598708151,,5,5,greedy_importance,"[""deberta.encoder.layer.0.attention.self.value_proj"",""deberta.encoder.layer.3.intermediate.dense"",""deberta.encoder.layer.4.attention.self.value_proj"",""deberta.encoder.layer.4.attention.output.dense"",""deberta.encoder.layer.4.intermediate.dense""]",5,"{""deberta.encoder.layer.0.attention.self.value_proj"":1,""deberta.encoder.layer.3.intermediate.dense"":1,""deberta.encoder.layer.4.attention.output.dense"":1,""deberta.encoder.layer.4.attention.self.value_proj"":1,""deberta.encoder.layer.4.intermediate.dense"":1}",117,122,122,880247,892540,892540,1058428,,,,,false,false,
NLU/output/glue/rte_allocator/greedy/ali_last_seed46/telemetry.jsonl,rank_telemetry.v1,greedy,46,0,1200,1007.4026745969998,,5,5,greedy_importance,"[""deberta.encoder.layer.5.attention.output.dense"",""deberta.encoder.layer.7.attention.self.query_proj"",""deberta.encoder.layer.7.attention.self.value_proj"",""deberta.encoder.layer.9.attention.self.value_proj"",""deberta.encoder.layer.9.attention.output.dense""]",5,"{""deberta.encoder.layer.5.attention.output.dense"":1,""deberta.encoder.layer.7.attention.self.query_proj"":1,""deberta.encoder.layer.7.attention.self.value_proj"":1,""deberta.encoder.layer.9.attention.output.dense"":1,""deberta.encoder.layer.9.attention.self.value_proj"":1}",122,127,127,892540,900225,900225,1066113,,,,,false,false,
NLU/output/glue/rte_allocator/greedy/ali_last_seed46/telemetry.jsonl,rank_telemetry.v1,greedy,46,0,1300,1093.0895332799998,,5,5,greedy_importance,"[""deberta.encoder.layer.1.attention.self.key_proj"",""deberta.encoder.layer.6.attention.self.value_proj"",""deberta.encoder.layer.6.attention.output.dense"",""deberta.encoder.layer.8.attention.self.key_proj"",""deberta.encoder.layer.8.attention.self.value_proj""]",5,"{""deberta.encoder.layer.1.attention.self.key_proj"":1,""deberta.encoder.layer.6.attention.output.dense"":1,""deberta.encoder.layer.6.attention.self.value_proj"":1,""deberta.encoder.layer.8.attention.self.key_proj"":1,""deberta.encoder.layer.8.attention.self.value_proj"":1}",127,132,132,900225,907910,907910,1073798,,,,,false,false,
NLU/output/glue/rte_allocator/greedy/ali_last_seed46/telemetry.jsonl,rank_telemetry.v1,greedy,46,0,1400,1178.1885550639997,,5,5,greedy_importance,"[""deberta.encoder.layer.6.attention.self.query_proj"",""deberta.encoder.layer.7.intermediate.dense"",""deberta.encoder.layer.10.attention.self.query_proj"",""deberta.encoder.layer.10.attention.self.value_proj"",""deberta.encoder.layer.10.attention.output.dense""]",5,"{""deberta.encoder.layer.10.attention.output.dense"":1,""deberta.encoder.layer.10.attention.self.query_proj"":1,""deberta.encoder.layer.10.attention.self.value_proj"":1,""deberta.encoder.layer.6.attention.self.query_proj"":1,""deberta.encoder.layer.7.intermediate.dense"":1}",132,137,137,907910,917899,917899,1083787,,,,,false,false,
NLU/output/glue/rte_allocator/greedy/ali_last_seed46/telemetry.jsonl,rank_telemetry.v1,greedy,46,0,1500,1262.516827964,,5,5,greedy_importance,"[""deberta.encoder.layer.5.intermediate.dense"",""deberta.encoder.layer.7.attention.self.key_proj"",""deberta.encoder.layer.7.attention.self.value_proj"",""deberta.encoder.layer.8.intermediate.dense"",""deberta.encoder.layer.9.attention.self.query_proj""]",5,"{""deberta.encoder.layer.5.intermediate.dense"":1,""deberta.encoder.layer.7.attention.self.key_proj"":1,""deberta.encoder.layer.7.attention.self.value_proj"":1,""deberta.encoder.layer.8.intermediate.dense"":1,""deberta.encoder.layer.9.attention.self.query_proj"":1}",137,142,142,917899,930192,930192,1096080,,,,,false,false,
NLU/output/glue/rte_allocator/greedy/ali_last_seed46/telemetry.jsonl,rank_telemetry.v1,greedy,46,0,1600,1348.353411884,,2,2,greedy_importance,"[""deberta.encoder.layer.9.attention.self.key_proj"",""deberta.encoder.layer.11.attention.self.key_proj""]",2,"{""deberta.encoder.layer.11.attention.self.key_proj"":1,""deberta.encoder.layer.9.attention.self.key_proj"":1}",142,144,144,930192,933266,933266,1099154,,,,,false,false,
