source_artifact,schema_version,method,seed,run_segment,global_step,wall_time_seconds,candidate_index,candidate_id,candidate_modules,candidate_size,candidate_cost,candidate_family,is_selected,calibration_gain_mean,calibration_gain_std,calibration_gain_lcb,calibration_gain_per_parameter,calibration_valid,invalid_reason,fold_gains
NLU/output/glue/rte_allocator/genetic_budgeted_calibrated/ali_last_seed41_budget0.94/telemetry.jsonl,rank_telemetry.v1,genetic_budgeted_calibrated,41,0,200,186.18537566000032,0,candidate_000,"[""deberta.encoder.layer.5.intermediate.dense"",""deberta.encoder.layer.8.attention.self.value_proj"",""deberta.encoder.layer.9.attention.output.dense"",""deberta.encoder.layer.9.intermediate.dense"",""deberta.encoder.layer.10.attention.output.dense""]",5,12293,greedy_anchor,true,0.05469963947931925,0.00646379671631273,0.05146774112116289,4.4496574863189825e-06,true,,"[0.048957109451293945,0.05141147971153259,0.06373032927513123]"
NLU/output/glue/rte_allocator/genetic_budgeted_calibrated/ali_last_seed41_budget0.94/telemetry.jsonl,rank_telemetry.v1,genetic_budgeted_calibrated,41,0,200,186.18537566000032,1,candidate_001,"[""deberta.encoder.layer.8.attention.self.value_proj"",""deberta.encoder.layer.9.attention.output.dense""]",2,3074,greedy_neighborhood,false,0.027732878923416138,0.02021197955095835,0.01762688914793696,9.021756318612927e-06,true,,"[0.02635130286216736,0.053149253129959106,0.0036980807781219482]"
NLU/output/glue/rte_allocator/genetic_budgeted_calibrated/ali_last_seed41_budget0.94/telemetry.jsonl,rank_telemetry.v1,genetic_budgeted_calibrated,41,0,200,186.18537566000032,2,candidate_002,"[""deberta.encoder.layer.0.output.dense"",""deberta.encoder.layer.1.attention.self.key_proj"",""deberta.encoder.layer.2.output.dense"",""deberta.encoder.layer.3.attention.output.dense"",""deberta.encoder.layer.9.output.dense""]",5,14597,global_ga,false,-0.0002063065767288208,0.0006722005983535188,-0.0005424068759055802,-1.4133491589286894e-08,true,,"[4.4152140617370605e-05,-0.001125723123550415,0.00046265125274658203]"
NLU/output/glue/rte_allocator/genetic_budgeted_calibrated/ali_last_seed41_budget0.94/telemetry.jsonl,rank_telemetry.v1,genetic_budgeted_calibrated,41,0,200,186.18537566000032,3,candidate_003,"[""deberta.encoder.layer.3.attention.output.dense""]",1,1537,greedy_neighborhood,false,-3.116826216379801e-05,0.00016056145602904643,-0.00011144899017832122,-2.027863510982304e-08,true,,"[-0.0002470165491104126,1.570582389831543e-05,0.00013780593872070312]"
NLU/output/glue/rte_allocator/genetic_budgeted_calibrated/ali_last_seed41_budget0.94/telemetry.jsonl,rank_telemetry.v1,genetic_budgeted_calibrated,41,0,200,186.18537566000032,4,candidate_004,"[""deberta.encoder.layer.3.attention.output.dense"",""deberta.encoder.layer.7.attention.output.dense"",""deberta.encoder.layer.9.attention.output.dense"",""deberta.encoder.layer.10.attention.output.dense""]",4,6148,global_ga,false,-4.789233207702637e-05,0.01658037585938216,-0.008338080261768107,-7.789904371669871e-09,true,,"[0.0032799839973449707,0.018389344215393066,-0.021813005208969116]"
NLU/output/glue/rte_allocator/genetic_budgeted_calibrated/ali_last_seed41_budget0.94/telemetry.jsonl,rank_telemetry.v1,genetic_budgeted_calibrated,41,0,200,186.18537566000032,5,candidate_005,"[""deberta.encoder.layer.8.attention.self.value_proj""]",1,1537,greedy_neighborhood,false,0.02887493868668874,0.013368042307015519,0.02219091753318098,1.8786557375854743e-05,true,,"[0.02639751136302948,0.046344906091690063,0.01388239860534668]"
NLU/output/glue/rte_allocator/genetic_budgeted_calibrated/ali_last_seed41_budget0.94/telemetry.jsonl,rank_telemetry.v1,genetic_budgeted_calibrated,41,0,200,186.18537566000032,6,candidate_006,[],0,0,zero_rank,false,0.0,0.0,0.0,0.0,true,,"[0.0,0.0,0.0]"
NLU/output/glue/rte_allocator/genetic_budgeted_calibrated/ali_last_seed41_budget0.94/telemetry.jsonl,rank_telemetry.v1,genetic_budgeted_calibrated,41,0,300,287.68052115699993,0,candidate_000,"[""deberta.encoder.layer.5.intermediate.dense"",""deberta.encoder.layer.7.intermediate.dense"",""deberta.encoder.layer.8.attention.self.value_proj"",""deberta.encoder.layer.8.intermediate.dense"",""deberta.encoder.layer.11.attention.self.key_proj""]",5,14597,greedy_anchor,false,-0.030240051448345184,0.021724935849816353,-0.04110251937325336,-2.0716620845615664e-06,true,,"[-0.021413683891296387,-0.009167343378067017,-0.06013912707567215]"
NLU/output/glue/rte_allocator/genetic_budgeted_calibrated/ali_last_seed41_budget0.94/telemetry.jsonl,rank_telemetry.v1,genetic_budgeted_calibrated,41,0,300,287.68052115699993,1,candidate_001,"[""deberta.encoder.layer.5.intermediate.dense"",""deberta.encoder.layer.7.intermediate.dense""]",2,7682,greedy_neighborhood,false,-0.006582622726758321,0.010428750130674555,-0.011796997792095597,-8.568891859878053e-07,true,,"[0.0051996707916259766,-0.020156309008598328,-0.004791229963302612]"
NLU/output/glue/rte_allocator/genetic_budgeted_calibrated/ali_last_seed41_budget0.94/telemetry.jsonl,rank_telemetry.v1,genetic_budgeted_calibrated,41,0,300,287.68052115699993,2,candidate_002,"[""deberta.encoder.layer.1.output.dense"",""deberta.encoder.layer.3.output.dense"",""deberta.encoder.layer.6.attention.self.key_proj"",""deberta.encoder.layer.6.attention.output.dense"",""deberta.encoder.layer.9.attention.output.dense""]",5,12293,global_ga,false,-0.0034894049167633057,0.001942311385596029,-0.00446056060956132,-2.838529990045803e-07,true,,"[-0.004884257912635803,-0.004841282963752747,-0.0007426738739013672]"
NLU/output/glue/rte_allocator/genetic_budgeted_calibrated/ali_last_seed41_budget0.94/telemetry.jsonl,rank_telemetry.v1,genetic_budgeted_calibrated,41,0,300,287.68052115699993,3,candidate_003,"[""deberta.encoder.layer.9.attention.output.dense""]",1,1537,greedy_neighborhood,true,0.0006219049294789633,0.0011939813091644347,2.4914274896745896e-05,4.046225956271719e-07,true,,"[0.0021128058433532715,0.0005629658699035645,-0.0008100569248199463]"
NLU/output/glue/rte_allocator/genetic_budgeted_calibrated/ali_last_seed41_budget0.94/telemetry.jsonl,rank_telemetry.v1,genetic_budgeted_calibrated,41,0,300,287.68052115699993,4,candidate_004,"[""deberta.encoder.layer.5.intermediate.dense"",""deberta.encoder.layer.8.attention.self.value_proj"",""deberta.encoder.layer.9.attention.self.key_proj""]",3,6915,global_ga,false,-0.0016552085677782695,0.00743332605420715,-0.005371871594881845,-2.393649411103788e-07,true,,"[0.006661757826805115,-0.011381685733795166,-0.0002456977963447571]"
NLU/output/glue/rte_allocator/genetic_budgeted_calibrated/ali_last_seed41_budget0.94/telemetry.jsonl,rank_telemetry.v1,genetic_budgeted_calibrated,41,0,300,287.68052115699993,5,candidate_005,"[""deberta.encoder.layer.7.intermediate.dense""]",1,3841,greedy_neighborhood,false,-0.004034380118052165,0.0006640780131488093,-0.004366419124626569,-1.050346294728499e-06,true,,"[-0.003995046019554138,-0.003241434693336487,-0.004866659641265869]"
NLU/output/glue/rte_allocator/genetic_budgeted_calibrated/ali_last_seed41_budget0.94/telemetry.jsonl,rank_telemetry.v1,genetic_budgeted_calibrated,41,0,300,287.68052115699993,6,candidate_006,[],0,0,zero_rank,false,0.0,0.0,0.0,0.0,true,,"[0.0,0.0,0.0]"
NLU/output/glue/rte_allocator/genetic_budgeted_calibrated/ali_last_seed41_budget0.94/telemetry.jsonl,rank_telemetry.v1,genetic_budgeted_calibrated,41,0,400,391.88368657000046,0,candidate_000,"[""deberta.encoder.layer.3.intermediate.dense"",""deberta.encoder.layer.5.intermediate.dense"",""deberta.encoder.layer.7.intermediate.dense"",""deberta.encoder.layer.8.intermediate.dense"",""deberta.encoder.layer.9.intermediate.dense""]",5,19205,greedy_anchor,false,-0.011271677911281586,0.006511257842367449,-0.01452730683246531,-5.869137157657685e-07,true,,"[-0.00731281191110611,-0.006051093339920044,-0.020451128482818604]"
NLU/output/glue/rte_allocator/genetic_budgeted_calibrated/ali_last_seed41_budget0.94/telemetry.jsonl,rank_telemetry.v1,genetic_budgeted_calibrated,41,0,400,391.88368657000046,1,candidate_001,"[""deberta.encoder.layer.7.intermediate.dense"",""deberta.encoder.layer.11.attention.self.key_proj""]",2,5378,greedy_neighborhood,false,-0.018807032456000645,0.0006187475029965902,-0.01911640620749894,-3.497030951283125e-06,true,,"[-0.018299497663974762,-0.019678115844726562,-0.018443483859300613]"
NLU/output/glue/rte_allocator/genetic_budgeted_calibrated/ali_last_seed41_budget0.94/telemetry.jsonl,rank_telemetry.v1,genetic_budgeted_calibrated,41,0,400,391.88368657000046,2,candidate_002,"[""deberta.encoder.layer.6.attention.self.key_proj"",""deberta.encoder.layer.7.output.dense"",""deberta.encoder.layer.8.attention.self.value_proj"",""deberta.encoder.layer.8.output.dense"",""deberta.encoder.layer.10.attention.self.key_proj""]",5,12293,global_ga,false,0.00047914932171503705,0.0014286220386318495,-0.0002351616976008877,3.897741167453323e-08,true,,"[0.002439439296722412,-7.745251059532166e-05,-0.0009245388209819794]"
NLU/output/glue/rte_allocator/genetic_budgeted_calibrated/ali_last_seed41_budget0.94/telemetry.jsonl,rank_telemetry.v1,genetic_budgeted_calibrated,41,0,400,391.88368657000046,3,candidate_003,"[""deberta.encoder.layer.6.attention.self.key_proj""]",1,1537,greedy_neighborhood,true,0.0002679961423079173,0.00036491607436936376,8.553810512323541e-05,1.7436313748075296e-07,true,,"[0.0007797107100486755,-4.579871892929077e-05,7.007643580436707e-05]"
NLU/output/glue/rte_allocator/genetic_budgeted_calibrated/ali_last_seed41_budget0.94/telemetry.jsonl,rank_telemetry.v1,genetic_budgeted_calibrated,41,0,400,391.88368657000046,4,candidate_004,"[""deberta.encoder.layer.4.attention.output.dense"",""deberta.encoder.layer.5.intermediate.dense"",""deberta.encoder.layer.11.attention.self.value_proj""]",3,6915,global_ga,false,-0.0001419857144355774,0.0005333880295414693,-0.00040867972920631204,-2.053300281064026e-08,true,,"[0.0002940632402896881,-0.0008930675685405731,0.00017304718494415283]"
NLU/output/glue/rte_allocator/genetic_budgeted_calibrated/ali_last_seed41_budget0.94/telemetry.jsonl,rank_telemetry.v1,genetic_budgeted_calibrated,41,0,400,391.88368657000046,5,candidate_005,"[""deberta.encoder.layer.7.intermediate.dense""]",1,3841,greedy_neighborhood,false,-0.002603035420179367,0.0030978569517113815,-0.004151963896035058,-6.776973236603403e-07,true,,"[0.0009618774056434631,-0.002180129289627075,-0.006590854376554489]"
NLU/output/glue/rte_allocator/genetic_budgeted_calibrated/ali_last_seed41_budget0.94/telemetry.jsonl,rank_telemetry.v1,genetic_budgeted_calibrated,41,0,400,391.88368657000046,6,candidate_006,[],0,0,zero_rank,false,0.0,0.0,0.0,0.0,true,,"[0.0,0.0,0.0]"
NLU/output/glue/rte_allocator/genetic_budgeted_calibrated/ali_last_seed41_budget0.94/telemetry.jsonl,rank_telemetry.v1,genetic_budgeted_calibrated,41,0,500,493.59882818799997,0,candidate_000,"[""deberta.encoder.layer.5.intermediate.dense"",""deberta.encoder.layer.6.attention.output.dense"",""deberta.encoder.layer.6.intermediate.dense"",""deberta.encoder.layer.7.intermediate.dense"",""deberta.encoder.layer.8.intermediate.dense""]",5,16901,greedy_anchor,false,0.06500685463349025,0.09288505021338009,0.018564329526800205,3.8463318521679334e-06,true,,"[0.19631458818912506,0.0025401748716831207,-0.003834199160337448]"
NLU/output/glue/rte_allocator/genetic_budgeted_calibrated/ali_last_seed41_budget0.94/telemetry.jsonl,rank_telemetry.v1,genetic_budgeted_calibrated,41,0,500,493.59882818799997,1,candidate_001,"[""deberta.encoder.layer.6.attention.output.dense"",""deberta.encoder.layer.7.intermediate.dense""]",2,5378,greedy_neighborhood,false,0.07900217051307361,0.11341650138569342,0.022293919820226896,1.4689879232628042e-05,true,,"[0.23925597965717316,0.004705503582954407,-0.0069549717009067535]"
NLU/output/glue/rte_allocator/genetic_budgeted_calibrated/ali_last_seed41_budget0.94/telemetry.jsonl,rank_telemetry.v1,genetic_budgeted_calibrated,41,0,500,493.59882818799997,2,candidate_002,"[""deberta.encoder.layer.1.output.dense"",""deberta.encoder.layer.6.attention.self.key_proj"",""deberta.encoder.layer.7.output.dense"",""deberta.encoder.layer.8.attention.self.value_proj"",""deberta.encoder.layer.10.output.dense""]",5,14597,global_ga,false,-0.007183755437533061,0.011134093856797976,-0.012750802365932049,-4.921391681532548e-07,true,,"[-0.022726863622665405,0.0027697496116161346,-0.0015941523015499115]"
NLU/output/glue/rte_allocator/genetic_budgeted_calibrated/ali_last_seed41_budget0.94/telemetry.jsonl,rank_telemetry.v1,genetic_budgeted_calibrated,41,0,500,493.59882818799997,3,candidate_003,"[""deberta.encoder.layer.8.attention.self.value_proj""]",1,1537,greedy_neighborhood,false,0.008110033969084421,0.009559723555254163,0.0033301721914573397,5.27653478795343e-06,true,,"[0.021623820066452026,0.0010130517184734344,0.0016932301223278046]"
NLU/output/glue/rte_allocator/genetic_budgeted_calibrated/ali_last_seed41_budget0.94/telemetry.jsonl,rank_telemetry.v1,genetic_budgeted_calibrated,41,0,500,493.59882818799997,4,candidate_004,"[""deberta.encoder.layer.3.intermediate.dense"",""deberta.encoder.layer.8.attention.self.value_proj"",""deberta.encoder.layer.8.intermediate.dense"",""deberta.encoder.layer.10.attention.output.dense""]",4,10756,global_ga,false,-0.044861522813638054,0.0623418822688165,-0.0760324639480463,-4.170837003871147e-06,true,,"[-0.13269710540771484,-0.007535260170698166,0.005647797137498856]"
NLU/output/glue/rte_allocator/genetic_budgeted_calibrated/ali_last_seed41_budget0.94/telemetry.jsonl,rank_telemetry.v1,genetic_budgeted_calibrated,41,0,500,493.59882818799997,5,candidate_005,"[""deberta.encoder.layer.7.intermediate.dense""]",1,3841,greedy_neighborhood,true,0.081784142802159,0.10854385245140379,0.027512216576457103,2.1292408956563135e-05,true,,"[0.23528775572776794,0.004668369889259338,0.005396302789449692]"
NLU/output/glue/rte_allocator/genetic_budgeted_calibrated/ali_last_seed41_budget0.94/telemetry.jsonl,rank_telemetry.v1,genetic_budgeted_calibrated,41,0,500,493.59882818799997,6,candidate_006,[],0,0,zero_rank,false,0.0,0.0,0.0,0.0,true,,"[0.0,0.0,0.0]"
NLU/output/glue/rte_allocator/genetic_budgeted_calibrated/ali_last_seed41_budget0.94/telemetry.jsonl,rank_telemetry.v1,genetic_budgeted_calibrated,41,0,600,593.3459611710005,0,candidate_000,"[""deberta.encoder.layer.5.attention.output.dense"",""deberta.encoder.layer.5.intermediate.dense"",""deberta.encoder.layer.6.attention.output.dense"",""deberta.encoder.layer.6.intermediate.dense"",""deberta.encoder.layer.8.intermediate.dense""]",5,14597,greedy_anchor,false,-0.003240484744310379,0.0038808664149621443,-0.005180917951791451,-2.2199662562926484e-07,true,,"[-0.005751576274633408,-0.00621134415268898,0.0022414661943912506]"
NLU/output/glue/rte_allocator/genetic_budgeted_calibrated/ali_last_seed41_budget0.94/telemetry.jsonl,rank_telemetry.v1,genetic_budgeted_calibrated,41,0,600,593.3459611710005,1,candidate_001,"[""deberta.encoder.layer.6.attention.output.dense""]",1,1537,greedy_neighborhood,true,0.0003531786302725474,0.0003370574519774157,0.00018464990428383957,2.2978440486177452e-07,true,,"[0.00018020719289779663,5.4992735385894775e-05,0.0008243359625339508]"
NLU/output/glue/rte_allocator/genetic_budgeted_calibrated/ali_last_seed41_budget0.94/telemetry.jsonl,rank_telemetry.v1,genetic_budgeted_calibrated,41,0,600,593.3459611710005,2,candidate_002,"[""deberta.encoder.layer.3.output.dense"",""deberta.encoder.layer.4.attention.self.value_proj"",""deberta.encoder.layer.5.output.dense"",""deberta.encoder.layer.9.intermediate.dense"",""deberta.encoder.layer.11.intermediate.dense""]",5,16901,global_ga,false,-0.0029435940086841583,0.00392016490109454,-0.004903676459231428,-1.741668545461309e-07,true,,"[-0.008476998656988144,-0.00047288835048675537,0.00011910498142242432]"
NLU/output/glue/rte_allocator/genetic_budgeted_calibrated/ali_last_seed41_budget0.94/telemetry.jsonl,rank_telemetry.v1,genetic_budgeted_calibrated,41,0,600,593.3459611710005,3,candidate_003,"[""deberta.encoder.layer.4.attention.self.value_proj""]",1,1537,greedy_neighborhood,false,7.144237558046977e-05,0.0008183763395143799,-0.0003377457941767202,4.648170174396211e-08,true,,"[-0.0010003149509429932,0.0002290196716785431,0.0009856224060058594]"
NLU/output/glue/rte_allocator/genetic_budgeted_calibrated/ali_last_seed41_budget0.94/telemetry.jsonl,rank_telemetry.v1,genetic_budgeted_calibrated,41,0,600,593.3459611710005,4,candidate_004,"[""deberta.encoder.layer.0.attention.self.value_proj"",""deberta.encoder.layer.1.attention.output.dense"",""deberta.encoder.layer.4.attention.self.value_proj"",""deberta.encoder.layer.6.attention.output.dense"",""deberta.encoder.layer.8.intermediate.dense""]",5,9989,global_ga,false,-0.001368922491868337,0.0022905643902687896,-0.0025142046870027315,-1.3704299648296496e-07,true,,"[-0.0045143477618694305,-0.00046684592962265015,0.0008744262158870697]"
NLU/output/glue/rte_allocator/genetic_budgeted_calibrated/ali_last_seed41_budget0.94/telemetry.jsonl,rank_telemetry.v1,genetic_budgeted_calibrated,41,0,600,593.3459611710005,5,candidate_005,"[""deberta.encoder.layer.6.intermediate.dense""]",1,3841,greedy_neighborhood,false,-0.0016047532359759014,0.002611830896236258,-0.0029106686840940305,-4.17795687575085e-07,true,,"[-0.0010855495929718018,-0.005031421780586243,0.0013027116656303406]"
NLU/output/glue/rte_allocator/genetic_budgeted_calibrated/ali_last_seed41_budget0.94/telemetry.jsonl,rank_telemetry.v1,genetic_budgeted_calibrated,41,0,600,593.3459611710005,6,candidate_006,[],0,0,zero_rank,false,0.0,0.0,0.0,0.0,true,,"[0.0,0.0,0.0]"
NLU/output/glue/rte_allocator/genetic_budgeted_calibrated/ali_last_seed41_budget0.94/telemetry.jsonl,rank_telemetry.v1,genetic_budgeted_calibrated,41,0,700,697.5546743670002,0,candidate_000,"[""deberta.encoder.layer.5.attention.output.dense"",""deberta.encoder.layer.6.intermediate.dense"",""deberta.encoder.layer.7.attention.self.value_proj"",""deberta.encoder.layer.7.intermediate.dense"",""deberta.encoder.layer.8.intermediate.dense""]",5,14597,greedy_anchor,false,-0.036783105383316674,0.05229570160884353,-0.06293095618773845,-2.5199085691112335e-06,true,,"[-0.0001491829752922058,-0.1107393279671669,0.000539194792509079]"
NLU/output/glue/rte_allocator/genetic_budgeted_calibrated/ali_last_seed41_budget0.94/telemetry.jsonl,rank_telemetry.v1,genetic_budgeted_calibrated,41,0,700,697.5546743670002,1,candidate_001,"[""deberta.encoder.layer.3.intermediate.dense"",""deberta.encoder.layer.6.intermediate.dense""]",2,7682,greedy_neighborhood,false,-0.006531967471043269,0.009371915154016353,-0.011217925048051445,-8.502951667590822e-07,true,,"[2.0038336515426636e-05,-0.019785575568675995,0.00016963481903076172]"
NLU/output/glue/rte_allocator/genetic_budgeted_calibrated/ali_last_seed41_budget0.94/telemetry.jsonl,rank_telemetry.v1,genetic_budgeted_calibrated,41,0,700,697.5546743670002,2,candidate_002,"[""deberta.encoder.layer.3.output.dense"",""deberta.encoder.layer.4.output.dense"",""deberta.encoder.layer.6.attention.output.dense"",""deberta.encoder.layer.10.output.dense"",""deberta.encoder.layer.11.intermediate.dense""]",5,16901,global_ga,true,0.0027085840702056885,0.0037396157482152276,0.0008387761960980747,1.6026176381312873e-07,true,,"[-6.0323625802993774e-05,0.007995210587978363,0.00019086524844169617]"
NLU/output/glue/rte_allocator/genetic_budgeted_calibrated/ali_last_seed41_budget0.94/telemetry.jsonl,rank_telemetry.v1,genetic_budgeted_calibrated,41,0,700,697.5546743670002,3,candidate_003,"[""deberta.encoder.layer.6.attention.output.dense""]",1,1537,greedy_neighborhood,false,6.871546308199565e-05,7.075828895075598e-05,3.333631860661766e-05,4.470752315028995e-08,true,,"[-6.455928087234497e-06,0.0001635029911994934,4.909932613372803e-05]"
NLU/output/glue/rte_allocator/genetic_budgeted_calibrated/ali_last_seed41_budget0.94/telemetry.jsonl,rank_telemetry.v1,genetic_budgeted_calibrated,41,0,700,697.5546743670002,4,candidate_004,"[""deberta.encoder.layer.0.attention.self.value_proj"",""deberta.encoder.layer.7.attention.self.value_proj"",""deberta.encoder.layer.7.intermediate.dense""]",3,6915,global_ga,false,-0.00355742871761322,0.00528719605605015,-0.006201026745638295,-5.14451007608564e-07,true,,"[-4.634261131286621e-06,-0.011031623929738998,0.0003639720380306244]"
NLU/output/glue/rte_allocator/genetic_budgeted_calibrated/ali_last_seed41_budget0.94/telemetry.jsonl,rank_telemetry.v1,genetic_budgeted_calibrated,41,0,700,697.5546743670002,5,candidate_005,"[""deberta.encoder.layer.6.intermediate.dense""]",1,3841,greedy_neighborhood,false,-0.007107282678286235,0.01022789764538038,-0.012221231500976426,-1.850372996169288e-06,true,,"[2.991408109664917e-06,-0.02157103270292282,0.0002461932599544525]"
NLU/output/glue/rte_allocator/genetic_budgeted_calibrated/ali_last_seed41_budget0.94/telemetry.jsonl,rank_telemetry.v1,genetic_budgeted_calibrated,41,0,700,697.5546743670002,6,candidate_006,[],0,0,zero_rank,false,0.0,0.0,0.0,0.0,true,,"[0.0,0.0,0.0]"
NLU/output/glue/rte_allocator/genetic_budgeted_calibrated/ali_last_seed41_budget0.94/telemetry.jsonl,rank_telemetry.v1,genetic_budgeted_calibrated,41,0,800,798.3142550780003,0,candidate_000,"[""deberta.encoder.layer.0.attention.output.dense"",""deberta.encoder.layer.1.intermediate.dense"",""deberta.encoder.layer.2.intermediate.dense"",""deberta.encoder.layer.3.intermediate.dense"",""deberta.encoder.layer.5.attention.output.dense""]",5,14597,greedy_anchor,false,-0.018610076357920963,0.028442058230072263,-0.032831105472957096,-1.2749247350771367e-06,true,,"[-0.00029061920940876007,-0.05878148227930069,0.003241872414946556]"
NLU/output/glue/rte_allocator/genetic_budgeted_calibrated/ali_last_seed41_budget0.94/telemetry.jsonl,rank_telemetry.v1,genetic_budgeted_calibrated,41,0,800,798.3142550780003,1,candidate_001,"[""deberta.encoder.layer.2.intermediate.dense""]",1,3841,greedy_neighborhood,true,0.004177903135617574,0.006016343787591104,0.0011697312418220219,1.0877123498093137e-06,true,,"[-0.0002289600670337677,0.012684449553489685,7.821992039680481e-05]"
NLU/output/glue/rte_allocator/genetic_budgeted_calibrated/ali_last_seed41_budget0.94/telemetry.jsonl,rank_telemetry.v1,genetic_budgeted_calibrated,41,0,800,798.3142550780003,2,candidate_002,"[""deberta.encoder.layer.3.output.dense"",""deberta.encoder.layer.5.output.dense"",""deberta.encoder.layer.6.output.dense"",""deberta.encoder.layer.8.output.dense"",""deberta.encoder.layer.11.output.dense""]",5,19205,global_ga,false,-0.0033366630474726358,0.005052389157932414,-0.005862857626438843,-1.737392891159925e-07,true,,"[-4.9464404582977295e-05,-0.010474413633346558,0.0005138888955116272]"
NLU/output/glue/rte_allocator/genetic_budgeted_calibrated/ali_last_seed41_budget0.94/telemetry.jsonl,rank_telemetry.v1,genetic_budgeted_calibrated,41,0,800,798.3142550780003,3,candidate_003,"[""deberta.encoder.layer.10.attention.output.dense""]",1,1537,greedy_neighborhood,false,-0.0022666708876689277,0.001897088358099429,-0.0032152150667186423,-1.4747370772081507e-06,true,,"[-0.0013296809047460556,-0.0049123093485832214,-0.0005580224096775055]"
NLU/output/glue/rte_allocator/genetic_budgeted_calibrated/ali_last_seed41_budget0.94/telemetry.jsonl,rank_telemetry.v1,genetic_budgeted_calibrated,41,0,800,798.3142550780003,4,candidate_004,"[""deberta.encoder.layer.0.attention.output.dense"",""deberta.encoder.layer.1.attention.self.query_proj"",""deberta.encoder.layer.3.intermediate.dense"",""deberta.encoder.layer.6.attention.output.dense"",""deberta.encoder.layer.9.attention.self.value_proj""]",5,9989,global_ga,false,-0.019774384175737698,0.02923358049779266,-0.034391174424634026,-1.979615995168455e-06,true,,"[-0.0004103761166334152,-0.06108991056680679,0.002177134156227112]"
NLU/output/glue/rte_allocator/genetic_budgeted_calibrated/ali_last_seed41_budget0.94/telemetry.jsonl,rank_telemetry.v1,genetic_budgeted_calibrated,41,0,800,798.3142550780003,5,candidate_005,"[""deberta.encoder.layer.3.intermediate.dense""]",1,3841,greedy_neighborhood,false,-0.010963977004090944,0.016130004341083068,-0.019028979174632477,-2.8544589961184443e-06,true,,"[-1.5759840607643127e-05,-0.033769212663173676,0.0008930414915084839]"
NLU/output/glue/rte_allocator/genetic_budgeted_calibrated/ali_last_seed41_budget0.94/telemetry.jsonl,rank_telemetry.v1,genetic_budgeted_calibrated,41,0,800,798.3142550780003,6,candidate_006,[],0,0,zero_rank,false,0.0,0.0,0.0,0.0,true,,"[0.0,0.0,0.0]"
NLU/output/glue/rte_allocator/genetic_budgeted_calibrated/ali_last_seed41_budget0.94/telemetry.jsonl,rank_telemetry.v1,genetic_budgeted_calibrated,41,0,900,902.4990620369999,0,candidate_000,"[""deberta.encoder.layer.3.intermediate.dense"",""deberta.encoder.layer.5.attention.output.dense"",""deberta.encoder.layer.5.intermediate.dense"",""deberta.encoder.layer.7.attention.self.value_proj"",""deberta.encoder.layer.8.intermediate.dense""]",5,14597,greedy_anchor,false,,,,,false,non_finite_calibration_gradient,"[-0.00016129948198795319,""NaN""]"
NLU/output/glue/rte_allocator/genetic_budgeted_calibrated/ali_last_seed41_budget0.94/telemetry.jsonl,rank_telemetry.v1,genetic_budgeted_calibrated,41,0,900,902.4990620369999,1,candidate_001,"[""deberta.encoder.layer.3.intermediate.dense"",""deberta.encoder.layer.5.attention.output.dense""]",2,5378,greedy_neighborhood,false,0.00017856682340304056,0.000274401479152978,4.136608382655156e-05,3.320320256657504e-08,true,,"[0.0005665794014930725,-1.0060146450996399e-05,-2.0818784832954407e-05]"
NLU/output/glue/rte_allocator/genetic_budgeted_calibrated/ali_last_seed41_budget0.94/telemetry.jsonl,rank_telemetry.v1,genetic_budgeted_calibrated,41,0,900,902.4990620369999,2,candidate_002,"[""deberta.encoder.layer.0.intermediate.dense"",""deberta.encoder.layer.2.output.dense"",""deberta.encoder.layer.6.output.dense"",""deberta.encoder.layer.8.output.dense"",""deberta.encoder.layer.10.output.dense""]",5,19205,global_ga,false,-0.0002594732989867528,0.000369033669962231,-0.0004439901339678683,-1.3510715906626024e-08,true,,"[-0.0007812399417161942,-8.512288331985474e-06,1.1332333087921143e-05]"
NLU/output/glue/rte_allocator/genetic_budgeted_calibrated/ali_last_seed41_budget0.94/telemetry.jsonl,rank_telemetry.v1,genetic_budgeted_calibrated,41,0,900,902.4990620369999,3,candidate_003,"[""deberta.encoder.layer.2.attention.self.value_proj""]",1,1537,greedy_neighborhood,false,-1.7217049996058147e-05,4.245923583538711e-05,-3.84466679137517e-05,-1.1201724135366393e-08,true,,"[-7.512606680393219e-05,-2.0135194063186646e-06,2.5488436222076416e-05]"
NLU/output/glue/rte_allocator/genetic_budgeted_calibrated/ali_last_seed41_budget0.94/telemetry.jsonl,rank_telemetry.v1,genetic_budgeted_calibrated,41,0,900,902.4990620369999,4,candidate_004,"[""deberta.encoder.layer.5.intermediate.dense"",""deberta.encoder.layer.7.attention.self.key_proj"",""deberta.encoder.layer.7.attention.output.dense""]",3,6915,global_ga,false,-7.7460582057635e-05,0.0002180615131567607,-0.00018649133863601533,-1.1201819531111352e-08,true,,"[-0.0003685951232910156,-1.996569335460663e-05,0.00015617907047271729]"
NLU/output/glue/rte_allocator/genetic_budgeted_calibrated/ali_last_seed41_budget0.94/telemetry.jsonl,rank_telemetry.v1,genetic_budgeted_calibrated,41,0,900,902.4990620369999,5,candidate_005,"[""deberta.encoder.layer.5.attention.output.dense""]",1,1537,greedy_neighborhood,false,0.0002092414846022924,0.0002677508241106712,7.53660725469568e-05,1.3613629447123773e-07,true,,"[0.0005858913064002991,-1.2801960110664368e-05,5.463510751724243e-05]"
NLU/output/glue/rte_allocator/genetic_budgeted_calibrated/ali_last_seed41_budget0.94/telemetry.jsonl,rank_telemetry.v1,genetic_budgeted_calibrated,41,0,900,902.4990620369999,6,candidate_006,[],0,0,zero_rank,true,0.0,0.0,0.0,0.0,true,,"[0.0,0.0,0.0]"
NLU/output/glue/rte_allocator/genetic_budgeted_calibrated/ali_last_seed41_budget0.94/telemetry.jsonl,rank_telemetry.v1,genetic_budgeted_calibrated,41,0,1000,1005.3955396769998,0,candidate_000,"[""deberta.encoder.layer.3.intermediate.dense"",""deberta.encoder.layer.5.attention.output.dense"",""deberta.encoder.layer.6.intermediate.dense"",""deberta.encoder.layer.7.intermediate.dense"",""deberta.encoder.layer.8.intermediate.dense""]",5,16901,greedy_anchor,false,-0.0956548061221838,0.13535682439897698,-0.1633332183216723,-5.65971280528867e-06,true,,"[3.567896783351898e-05,-0.28707826137542725,7.816404104232788e-05]"
NLU/output/glue/rte_allocator/genetic_budgeted_calibrated/ali_last_seed41_budget0.94/telemetry.jsonl,rank_telemetry.v1,genetic_budgeted_calibrated,41,0,1000,1005.3955396769998,1,candidate_001,"[""deberta.encoder.layer.5.attention.output.dense"",""deberta.encoder.layer.6.intermediate.dense""]",2,5378,greedy_neighborhood,false,-0.10096547504266103,0.14285722530593992,-0.17239408769563097,-1.8773796028758092e-05,true,,"[2.810731530189514e-05,-0.30299609899520874,7.156655192375183e-05]"
NLU/output/glue/rte_allocator/genetic_budgeted_calibrated/ali_last_seed41_budget0.94/telemetry.jsonl,rank_telemetry.v1,genetic_budgeted_calibrated,41,0,1000,1005.3955396769998,2,candidate_002,"[""deberta.encoder.layer.0.intermediate.dense"",""deberta.encoder.layer.1.intermediate.dense"",""deberta.encoder.layer.3.output.dense"",""deberta.encoder.layer.5.output.dense"",""deberta.encoder.layer.10.output.dense""]",5,19205,global_ga,false,0.026341304183006287,0.03731140394599025,0.007685602210011161,1.371585742411158e-06,true,,"[-3.782100975513458e-05,0.07910759747028351,-4.5863911509513855e-05]"
NLU/output/glue/rte_allocator/genetic_budgeted_calibrated/ali_last_seed41_budget0.94/telemetry.jsonl,rank_telemetry.v1,genetic_budgeted_calibrated,41,0,1000,1005.3955396769998,3,candidate_003,"[""deberta.encoder.layer.11.attention.output.dense""]",1,1537,greedy_neighborhood,true,0.04617834463715553,0.06543384368945182,0.013461422792429623,3.0044466257095337e-05,true,,"[-9.048916399478912e-05,0.13871577382087708,-9.025074541568756e-05]"
NLU/output/glue/rte_allocator/genetic_budgeted_calibrated/ali_last_seed41_budget0.94/telemetry.jsonl,rank_telemetry.v1,genetic_budgeted_calibrated,41,0,1000,1005.3955396769998,4,candidate_004,"[""deberta.encoder.layer.4.attention.output.dense"",""deberta.encoder.layer.7.attention.self.value_proj"",""deberta.encoder.layer.10.attention.self.key_proj""]",3,4611,global_ga,false,-0.030727814882993698,0.04343744954387694,-0.052446539654932164,-6.664024047493754e-06,true,,"[2.1744519472122192e-05,-0.09215763211250305,-4.7557055950164795e-05]"
NLU/output/glue/rte_allocator/genetic_budgeted_calibrated/ali_last_seed41_budget0.94/telemetry.jsonl,rank_telemetry.v1,genetic_budgeted_calibrated,41,0,1000,1005.3955396769998,5,candidate_005,"[""deberta.encoder.layer.5.attention.output.dense""]",1,1537,greedy_neighborhood,false,-0.019869735464453697,0.02813294444153839,-0.03393620768522289,-1.292760928071158e-05,true,,"[1.5204772353172302e-05,-0.059655725955963135,3.131479024887085e-05]"
NLU/output/glue/rte_allocator/genetic_budgeted_calibrated/ali_last_seed41_budget0.94/telemetry.jsonl,rank_telemetry.v1,genetic_budgeted_calibrated,41,0,1000,1005.3955396769998,6,candidate_006,[],0,0,zero_rank,false,0.0,0.0,0.0,0.0,true,,"[0.0,0.0,0.0]"
NLU/output/glue/rte_allocator/genetic_budgeted_calibrated/ali_last_seed41_budget0.94/telemetry.jsonl,rank_telemetry.v1,genetic_budgeted_calibrated,41,0,1100,1109.3616113030002,0,candidate_000,"[""deberta.encoder.layer.5.attention.output.dense"",""deberta.encoder.layer.5.intermediate.dense"",""deberta.encoder.layer.6.intermediate.dense"",""deberta.encoder.layer.7.attention.self.value_proj"",""deberta.encoder.layer.8.intermediate.dense""]",5,14597,greedy_anchor,false,0.0005810996517539024,0.0012766219323502835,-5.721131442123931e-05,3.980952605014061e-08,true,,"[0.002348216250538826,-0.0006228014826774597,1.7884187400341034e-05]"
NLU/output/glue/rte_allocator/genetic_budgeted_calibrated/ali_last_seed41_budget0.94/telemetry.jsonl,rank_telemetry.v1,genetic_budgeted_calibrated,41,0,1100,1109.3616113030002,1,candidate_001,"[""deberta.encoder.layer.5.attention.output.dense"",""deberta.encoder.layer.6.intermediate.dense""]",2,5378,greedy_neighborhood,true,0.000620603250960509,0.0009093812726717625,0.00016591261462462772,1.1539666250660263e-07,true,,"[0.0019055865705013275,-6.743893027305603e-05,2.3662112653255463e-05]"
NLU/output/glue/rte_allocator/genetic_budgeted_calibrated/ali_last_seed41_budget0.94/telemetry.jsonl,rank_telemetry.v1,genetic_budgeted_calibrated,41,0,1100,1109.3616113030002,2,candidate_002,"[""deberta.encoder.layer.1.intermediate.dense"",""deberta.encoder.layer.4.intermediate.dense"",""deberta.encoder.layer.4.output.dense"",""deberta.encoder.layer.5.output.dense"",""deberta.encoder.layer.11.output.dense""]",5,19205,global_ga,false,1.412040243546168e-05,2.0325900304083583e-05,3.957452283419888e-06,7.35246156493709e-10,true,,"[-8.566305041313171e-06,4.075095057487488e-05,1.0176561772823334e-05]"
NLU/output/glue/rte_allocator/genetic_budgeted_calibrated/ali_last_seed41_budget0.94/telemetry.jsonl,rank_telemetry.v1,genetic_budgeted_calibrated,41,0,1100,1109.3616113030002,3,candidate_003,"[""deberta.encoder.layer.4.attention.self.query_proj""]",1,1537,greedy_neighborhood,false,0.0005305477728446325,0.0007890544108522569,0.00013602056741850404,3.4518397712728205e-07,true,,"[0.0016447501257061958,2.6598572731018066e-05,-7.97053799033165e-05]"
NLU/output/glue/rte_allocator/genetic_budgeted_calibrated/ali_last_seed41_budget0.94/telemetry.jsonl,rank_telemetry.v1,genetic_budgeted_calibrated,41,0,1100,1109.3616113030002,4,candidate_004,"[""deberta.encoder.layer.1.attention.self.query_proj"",""deberta.encoder.layer.2.intermediate.dense"",""deberta.encoder.layer.3.output.dense"",""deberta.encoder.layer.5.attention.output.dense"",""deberta.encoder.layer.10.attention.output.dense""]",5,12293,global_ga,false,-0.0067726389194528265,0.009385306250536447,-0.01146529204472105,-5.509345903727996e-07,true,,"[-0.02004491724073887,-0.00024105235934257507,-3.194715827703476e-05]"
NLU/output/glue/rte_allocator/genetic_budgeted_calibrated/ali_last_seed41_budget0.94/telemetry.jsonl,rank_telemetry.v1,genetic_budgeted_calibrated,41,0,1100,1109.3616113030002,5,candidate_005,"[""deberta.encoder.layer.5.attention.output.dense""]",1,1537,greedy_neighborhood,false,0.00019522104412317276,0.00023239058210815586,7.902575306909483e-05,1.2701434230525228e-07,true,,"[0.0005231127142906189,5.059782415628433e-05,1.1952593922615051e-05]"
NLU/output/glue/rte_allocator/genetic_budgeted_calibrated/ali_last_seed41_budget0.94/telemetry.jsonl,rank_telemetry.v1,genetic_budgeted_calibrated,41,0,1100,1109.3616113030002,6,candidate_006,[],0,0,zero_rank,false,0.0,0.0,0.0,0.0,true,,"[0.0,0.0,0.0]"
NLU/output/glue/rte_allocator/genetic_budgeted_calibrated/ali_last_seed41_budget0.94/telemetry.jsonl,rank_telemetry.v1,genetic_budgeted_calibrated,41,0,1200,1212.9289373150004,0,candidate_000,"[""deberta.encoder.layer.0.attention.self.value_proj"",""deberta.encoder.layer.1.intermediate.dense"",""deberta.encoder.layer.7.attention.self.value_proj"",""deberta.encoder.layer.7.intermediate.dense"",""deberta.encoder.layer.8.intermediate.dense""]",5,14597,greedy_anchor,false,0.0005716579034924507,0.0004784440751422637,0.00033243586592131887,3.9162698053877557e-08,true,,"[-1.2684613466262817e-06,0.0005463846027851105,0.001169857569038868]"
NLU/output/glue/rte_allocator/genetic_budgeted_calibrated/ali_last_seed41_budget0.94/telemetry.jsonl,rank_telemetry.v1,genetic_budgeted_calibrated,41,0,1200,1212.9289373150004,1,candidate_001,"[""deberta.encoder.layer.0.attention.self.value_proj"",""deberta.encoder.layer.8.intermediate.dense""]",2,5378,greedy_neighborhood,false,0.0006212436904509863,0.00046502736078878423,0.0003887300100565941,1.1551574757363077e-07,true,,"[-1.1771917343139648e-06,0.0007485523819923401,0.0011163558810949326]"
NLU/output/glue/rte_allocator/genetic_budgeted_calibrated/ali_last_seed41_budget0.94/telemetry.jsonl,rank_telemetry.v1,genetic_budgeted_calibrated,41,0,1200,1212.9289373150004,2,candidate_002,"[""deberta.encoder.layer.0.output.dense"",""deberta.encoder.layer.1.intermediate.dense"",""deberta.encoder.layer.4.intermediate.dense"",""deberta.encoder.layer.5.attention.output.dense"",""deberta.encoder.layer.6.intermediate.dense""]",5,16901,global_ga,false,0.0004982672010858854,0.0003562172214624222,0.0003201585903546743,2.9481521867693356e-08,true,,"[4.9211084842681885e-06,0.00065666064620018,0.0008332198485732079]"
NLU/output/glue/rte_allocator/genetic_budgeted_calibrated/ali_last_seed41_budget0.94/telemetry.jsonl,rank_telemetry.v1,genetic_budgeted_calibrated,41,0,1200,1212.9289373150004,3,candidate_003,"[""deberta.encoder.layer.6.intermediate.dense""]",1,3841,greedy_neighborhood,false,-9.096724291642506e-05,0.0001255667790265103,-0.0001537506324296802,-2.3683218671290046e-08,true,,"[3.259629011154175e-07,-0.0002685217186808586,-4.705972969532013e-06]"
NLU/output/glue/rte_allocator/genetic_budgeted_calibrated/ali_last_seed41_budget0.94/telemetry.jsonl,rank_telemetry.v1,genetic_budgeted_calibrated,41,0,1200,1212.9289373150004,4,candidate_004,"[""deberta.encoder.layer.5.attention.output.dense""]",1,1537,greedy_neighborhood,false,0.00013680476695299149,0.0002479281444529992,1.2840694726491876e-05,8.900765579244729e-08,true,,"[2.7939677238464355e-08,0.0004847850650548935,-7.43987038731575e-05]"
NLU/output/glue/rte_allocator/genetic_budgeted_calibrated/ali_last_seed41_budget0.94/telemetry.jsonl,rank_telemetry.v1,genetic_budgeted_calibrated,41,0,1200,1212.9289373150004,5,candidate_005,"[""deberta.encoder.layer.2.attention.output.dense"",""deberta.encoder.layer.4.attention.output.dense"",""deberta.encoder.layer.5.attention.output.dense"",""deberta.encoder.layer.7.attention.self.value_proj"",""deberta.encoder.layer.8.intermediate.dense""]",5,9989,global_ga,true,0.0006499333928028742,0.00048230671676428876,0.0004087800344207298,6.506491068203766e-08,true,,"[-2.2705644369125366e-06,0.0008031129837036133,0.001148957759141922]"
NLU/output/glue/rte_allocator/genetic_budgeted_calibrated/ali_last_seed41_budget0.94/telemetry.jsonl,rank_telemetry.v1,genetic_budgeted_calibrated,41,0,1200,1212.9289373150004,6,candidate_006,[],0,0,zero_rank,false,0.0,0.0,0.0,0.0,true,,"[0.0,0.0,0.0]"
NLU/output/glue/rte_allocator/genetic_budgeted_calibrated/ali_last_seed41_budget0.94/telemetry.jsonl,rank_telemetry.v1,genetic_budgeted_calibrated,41,0,1300,1315.3338952289996,0,candidate_000,"[""deberta.encoder.layer.1.intermediate.dense"",""deberta.encoder.layer.5.intermediate.dense"",""deberta.encoder.layer.6.attention.self.value_proj"",""deberta.encoder.layer.7.attention.output.dense"",""deberta.encoder.layer.7.intermediate.dense""]",5,14597,greedy_anchor,false,0.00020045973360538483,0.00041974174217187344,-9.411137480551894e-06,1.3732940577199755e-08,true,,"[0.000789090059697628,-0.00016026664525270462,-2.744421362876892e-05]"
NLU/output/glue/rte_allocator/genetic_budgeted_calibrated/ali_last_seed41_budget0.94/telemetry.jsonl,rank_telemetry.v1,genetic_budgeted_calibrated,41,0,1300,1315.3338952289996,1,candidate_001,"[""deberta.encoder.layer.1.intermediate.dense"",""deberta.encoder.layer.6.attention.self.value_proj""]",2,5378,greedy_neighborhood,true,0.00020182163765033087,0.00032506282319281994,3.92902260539209e-05,3.7527266204970414e-08,true,,"[0.0006600050255656242,-5.966983735561371e-05,5.129724740982056e-06]"
NLU/output/glue/rte_allocator/genetic_budgeted_calibrated/ali_last_seed41_budget0.94/telemetry.jsonl,rank_telemetry.v1,genetic_budgeted_calibrated,41,0,1300,1315.3338952289996,2,candidate_002,"[""deberta.encoder.layer.2.attention.output.dense"",""deberta.encoder.layer.5.attention.output.dense"",""deberta.encoder.layer.6.intermediate.dense"",""deberta.encoder.layer.6.output.dense"",""deberta.encoder.layer.7.attention.self.value_proj""]",5,12293,global_ga,false,-0.00010203601171573003,9.386592413393115e-05,-0.0001489689737826956,-8.30033447618401e-09,true,,"[-0.000227389857172966,-7.718801498413086e-05,-1.5301629900932312e-06]"
NLU/output/glue/rte_allocator/genetic_budgeted_calibrated/ali_last_seed41_budget0.94/telemetry.jsonl,rank_telemetry.v1,genetic_budgeted_calibrated,41,0,1300,1315.3338952289996,3,candidate_003,"[""deberta.encoder.layer.2.attention.output.dense""]",1,1537,greedy_neighborhood,false,-1.934667428334554e-05,2.1242355024285602e-05,-2.996785179548834e-05,-1.2587296215579401e-08,true,,"[-4.8665329813957214e-05,-1.0359100997447968e-05,9.844079613685608e-07]"
NLU/output/glue/rte_allocator/genetic_budgeted_calibrated/ali_last_seed41_budget0.94/telemetry.jsonl,rank_telemetry.v1,genetic_budgeted_calibrated,41,0,1300,1315.3338952289996,4,candidate_004,"[""deberta.encoder.layer.2.attention.self.query_proj"",""deberta.encoder.layer.3.intermediate.dense"",""deberta.encoder.layer.5.attention.output.dense"",""deberta.encoder.layer.6.attention.self.value_proj""]",4,8452,global_ga,false,0.00011058369030555089,0.0005548813108550804,-0.00016685696512198933,1.3083730514144686e-08,true,,"[0.0008386755362153053,-0.0005069412291049957,1.6763806343078613e-08]"
NLU/output/glue/rte_allocator/genetic_budgeted_calibrated/ali_last_seed41_budget0.94/telemetry.jsonl,rank_telemetry.v1,genetic_budgeted_calibrated,41,0,1300,1315.3338952289996,5,candidate_005,"[""deberta.encoder.layer.6.attention.self.value_proj""]",1,1537,greedy_neighborhood,false,-1.627020537853241e-05,3.312851106886665e-05,-3.283446091296573e-05,-1.0585689901452446e-08,true,,"[1.3472512364387512e-05,-6.249081343412399e-05,2.076849341392517e-07]"
NLU/output/glue/rte_allocator/genetic_budgeted_calibrated/ali_last_seed41_budget0.94/telemetry.jsonl,rank_telemetry.v1,genetic_budgeted_calibrated,41,0,1300,1315.3338952289996,6,candidate_006,[],0,0,zero_rank,false,0.0,0.0,0.0,0.0,true,,"[0.0,0.0,0.0]"
NLU/output/glue/rte_allocator/genetic_budgeted_calibrated/ali_last_seed41_budget0.94/telemetry.jsonl,rank_telemetry.v1,genetic_budgeted_calibrated,41,0,1400,1415.2972875160003,0,candidate_000,"[""deberta.encoder.layer.0.attention.self.value_proj"",""deberta.encoder.layer.3.intermediate.dense"",""deberta.encoder.layer.5.intermediate.dense"",""deberta.encoder.layer.7.attention.output.dense"",""deberta.encoder.layer.7.intermediate.dense""]",5,14597,greedy_anchor,true,0.0023205485194921494,0.0033080502194623397,0.0006665234097609795,1.5897434537864968e-07,true,,"[-4.085991531610489e-05,3.7383288145065308e-06,0.006998767144978046]"
NLU/output/glue/rte_allocator/genetic_budgeted_calibrated/ali_last_seed41_budget0.94/telemetry.jsonl,rank_telemetry.v1,genetic_budgeted_calibrated,41,0,1400,1415.2972875160003,1,candidate_001,"[""deberta.encoder.layer.0.attention.output.dense"",""deberta.encoder.layer.7.attention.output.dense""]",2,3074,greedy_neighborhood,false,-0.0026877359487116337,0.003775990470481753,-0.00457573118395251,-8.743448109016375e-07,true,,"[-3.1639356166124344e-05,-3.7997961044311523e-06,-0.008027768693864346]"
NLU/output/glue/rte_allocator/genetic_budgeted_calibrated/ali_last_seed41_budget0.94/telemetry.jsonl,rank_telemetry.v1,genetic_budgeted_calibrated,41,0,1400,1415.2972875160003,2,candidate_002,"[""deberta.encoder.layer.1.intermediate.dense"",""deberta.encoder.layer.4.attention.output.dense"",""deberta.encoder.layer.4.intermediate.dense"",""deberta.encoder.layer.5.output.dense"",""deberta.encoder.layer.6.intermediate.dense""]",5,16901,global_ga,false,0.0009294602399071058,0.0013145312984814313,0.00027219459066639016,5.499439322567338e-08,true,,"[1.8798746168613434e-06,-1.986045390367508e-06,0.0027884868904948235]"
NLU/output/glue/rte_allocator/genetic_budgeted_calibrated/ali_last_seed41_budget0.94/telemetry.jsonl,rank_telemetry.v1,genetic_budgeted_calibrated,41,0,1400,1415.2972875160003,3,candidate_003,"[""deberta.encoder.layer.4.attention.output.dense""]",1,1537,greedy_neighborhood,false,-0.00024375319480895996,0.0003512194518733894,-0.0004193629207456547,-1.5859023735130771e-07,true,,"[8.977483958005905e-06,1.8952414393424988e-07,-0.00074042659252882]"
NLU/output/glue/rte_allocator/genetic_budgeted_calibrated/ali_last_seed41_budget0.94/telemetry.jsonl,rank_telemetry.v1,genetic_budgeted_calibrated,41,0,1400,1415.2972875160003,4,candidate_004,"[""deberta.encoder.layer.0.attention.self.value_proj"",""deberta.encoder.layer.3.intermediate.dense"",""deberta.encoder.layer.8.attention.self.key_proj"",""deberta.encoder.layer.8.attention.self.value_proj"",""deberta.encoder.layer.10.intermediate.dense""]",5,12293,global_ga,false,0.001495874176422755,0.0022892108887822694,0.0003512687320316203,1.216850383488778e-07,true,,"[-0.00018462352454662323,-6.0264952480793e-05,0.004732511006295681]"
NLU/output/glue/rte_allocator/genetic_budgeted_calibrated/ali_last_seed41_budget0.94/telemetry.jsonl,rank_telemetry.v1,genetic_budgeted_calibrated,41,0,1400,1415.2972875160003,5,candidate_005,"[""deberta.encoder.layer.0.attention.self.value_proj"",""deberta.encoder.layer.7.attention.output.dense""]",2,3074,greedy_neighborhood,false,-0.0038220806357761226,0.005402947950148554,-0.0065235546108504,-1.2433573961535858e-06,true,,"[-4.246365278959274e-06,1.0067597031593323e-06,-0.011463002301752567]"
NLU/output/glue/rte_allocator/genetic_budgeted_calibrated/ali_last_seed41_budget0.94/telemetry.jsonl,rank_telemetry.v1,genetic_budgeted_calibrated,41,0,1400,1415.2972875160003,6,candidate_006,[],0,0,zero_rank,false,0.0,0.0,0.0,0.0,true,,"[0.0,0.0,0.0]"
NLU/output/glue/rte_allocator/genetic_budgeted_calibrated/ali_last_seed41_budget0.94/telemetry.jsonl,rank_telemetry.v1,genetic_budgeted_calibrated,41,0,1500,1514.4792305070005,0,candidate_000,"[""deberta.encoder.layer.4.attention.self.value_proj"",""deberta.encoder.layer.5.attention.self.value_proj"",""deberta.encoder.layer.8.attention.self.value_proj"",""deberta.encoder.layer.9.intermediate.dense"",""deberta.encoder.layer.10.attention.self.key_proj""]",5,9989,greedy_anchor,false,-0.00035521698494752246,0.0005291166045199442,-0.0006197752872074946,-3.5560815391683097e-08,true,,"[-0.001103430986404419,1.0034069418907166e-05,2.7745962142944336e-05]"
NLU/output/glue/rte_allocator/genetic_budgeted_calibrated/ali_last_seed41_budget0.94/telemetry.jsonl,rank_telemetry.v1,genetic_budgeted_calibrated,41,0,1500,1514.4792305070005,1,candidate_001,"[""deberta.encoder.layer.8.attention.self.value_proj"",""deberta.encoder.layer.9.intermediate.dense""]",2,5378,greedy_neighborhood,false,-0.0002558186339835326,0.0003829191581383649,-0.0004472782130527151,-4.756761509548765e-08,true,,"[-0.0007972847670316696,7.742084562778473e-06,2.208678051829338e-05]"
NLU/output/glue/rte_allocator/genetic_budgeted_calibrated/ali_last_seed41_budget0.94/telemetry.jsonl,rank_telemetry.v1,genetic_budgeted_calibrated,41,0,1500,1514.4792305070005,2,candidate_002,"[""deberta.encoder.layer.0.attention.self.value_proj"",""deberta.encoder.layer.1.intermediate.dense"",""deberta.encoder.layer.2.attention.output.dense"",""deberta.encoder.layer.3.intermediate.dense"",""deberta.encoder.layer.7.attention.output.dense""]",5,12293,global_ga,false,-6.162251035372416e-07,9.813132207471674e-06,-5.522791207273079e-06,-5.012813011772892e-11,true,,"[-1.0997522622346878e-05,1.2550503015518188e-05,-3.4016557037830353e-06]"
NLU/output/glue/rte_allocator/genetic_budgeted_calibrated/ali_last_seed41_budget0.94/telemetry.jsonl,rank_telemetry.v1,genetic_budgeted_calibrated,41,0,1500,1514.4792305070005,3,candidate_003,"[""deberta.encoder.layer.0.attention.self.value_proj""]",1,1537,greedy_neighborhood,false,1.4095567166805267e-06,3.170559393358403e-06,-1.7572297999867482e-07,9.170830947823857e-10,true,,"[8.279457688331604e-07,5.550682544708252e-06,-2.149958163499832e-06]"
NLU/output/glue/rte_allocator/genetic_budgeted_calibrated/ali_last_seed41_budget0.94/telemetry.jsonl,rank_telemetry.v1,genetic_budgeted_calibrated,41,0,1500,1514.4792305070005,4,candidate_004,"[""deberta.encoder.layer.0.attention.self.value_proj"",""deberta.encoder.layer.5.attention.self.value_proj"",""deberta.encoder.layer.7.attention.output.dense"",""deberta.encoder.layer.7.intermediate.dense""]",4,8452,global_ga,false,-6.080356736977895e-05,0.00011499059913841619,-0.00011829886693898704,-7.193985727612276e-09,true,,"[-0.00022298097610473633,9.88692045211792e-06,3.0683353543281555e-05]"
NLU/output/glue/rte_allocator/genetic_budgeted_calibrated/ali_last_seed41_budget0.94/telemetry.jsonl,rank_telemetry.v1,genetic_budgeted_calibrated,41,0,1500,1514.4792305070005,5,candidate_005,"[""deberta.encoder.layer.8.attention.self.value_proj""]",1,1537,greedy_neighborhood,false,-1.6090149680773418e-05,3.696986402462477e-05,-3.45750816930858e-05,-1.0468542407790123e-08,true,,"[-6.766710430383682e-05,2.280808985233307e-06,1.7115846276283264e-05]"
NLU/output/glue/rte_allocator/genetic_budgeted_calibrated/ali_last_seed41_budget0.94/telemetry.jsonl,rank_telemetry.v1,genetic_budgeted_calibrated,41,0,1500,1514.4792305070005,6,candidate_006,[],0,0,zero_rank,true,0.0,0.0,0.0,0.0,true,,"[0.0,0.0,0.0]"
NLU/output/glue/rte_allocator/genetic_budgeted_calibrated/ali_last_seed41_budget0.94/telemetry.jsonl,rank_telemetry.v1,genetic_budgeted_calibrated,41,0,1600,1616.3528755790003,0,candidate_000,"[""deberta.encoder.layer.0.attention.output.dense"",""deberta.encoder.layer.5.attention.self.value_proj"",""deberta.encoder.layer.6.attention.self.query_proj"",""deberta.encoder.layer.8.attention.self.value_proj"",""deberta.encoder.layer.9.intermediate.dense""]",5,9989,greedy_anchor,false,-0.03145357702548305,0.044711728394096296,-0.0538094412225312,-3.1488214060950093e-06,true,,"[-0.09468517452478409,-1.6082078218460083e-05,0.0003405255265533924]"
NLU/output/glue/rte_allocator/genetic_budgeted_calibrated/ali_last_seed41_budget0.94/telemetry.jsonl,rank_telemetry.v1,genetic_budgeted_calibrated,41,0,1600,1616.3528755790003,1,candidate_001,"[""deberta.encoder.layer.0.attention.output.dense""]",1,1537,greedy_neighborhood,false,0.008397983076671759,0.01181658511681304,0.002489690518265239,5.463879685537904e-06,true,,"[0.02510906010866165,-7.0938840508461e-06,9.198300540447235e-05]"
NLU/output/glue/rte_allocator/genetic_budgeted_calibrated/ali_last_seed41_budget0.94/telemetry.jsonl,rank_telemetry.v1,genetic_budgeted_calibrated,41,0,1600,1616.3528755790003,2,candidate_002,"[""deberta.encoder.layer.1.intermediate.dense"",""deberta.encoder.layer.2.intermediate.dense"",""deberta.encoder.layer.3.output.dense"",""deberta.encoder.layer.5.attention.output.dense"",""deberta.encoder.layer.11.output.dense""]",5,16901,global_ga,true,0.016744923933098715,0.023713912535178242,0.004887967665509594,9.907652762025156e-07,true,,"[0.050281453877687454,-4.873611032962799e-06,-4.1808467358350754e-05]"
NLU/output/glue/rte_allocator/genetic_budgeted_calibrated/ali_last_seed41_budget0.94/telemetry.jsonl,rank_telemetry.v1,genetic_budgeted_calibrated,41,0,1600,1616.3528755790003,3,candidate_003,"[""deberta.encoder.layer.5.attention.output.dense""]",1,1537,greedy_neighborhood,false,0.0009265563761194547,0.0012839958890080935,0.000284558431615408,6.028343370978885e-07,true,,"[0.002742275595664978,2.3189932107925415e-07,3.7161633372306824e-05]"
NLU/output/glue/rte_allocator/genetic_budgeted_calibrated/ali_last_seed41_budget0.94/telemetry.jsonl,rank_telemetry.v1,genetic_budgeted_calibrated,41,0,1600,1616.3528755790003,4,candidate_004,"[""deberta.encoder.layer.1.intermediate.dense"",""deberta.encoder.layer.8.attention.self.key_proj"",""deberta.encoder.layer.9.attention.output.dense""]",3,6915,global_ga,false,-0.0073492758286496,0.010211686348713176,-0.012455119003006188,-1.0628019998047143e-06,true,,"[-0.02179007977247238,-5.613081157207489e-06,-0.00025213463231921196]"
NLU/output/glue/rte_allocator/genetic_budgeted_calibrated/ali_last_seed41_budget0.94/telemetry.jsonl,rank_telemetry.v1,genetic_budgeted_calibrated,41,0,1600,1616.3528755790003,5,candidate_005,"[""deberta.encoder.layer.8.attention.self.value_proj""]",1,1537,greedy_neighborhood,false,-0.016411323721210163,0.023373349266707123,-0.028097998354563725,-1.0677504047631856e-05,true,,"[-0.049465931951999664,-5.8389268815517426e-06,0.00023779971525073051]"
NLU/output/glue/rte_allocator/genetic_budgeted_calibrated/ali_last_seed41_budget0.94/telemetry.jsonl,rank_telemetry.v1,genetic_budgeted_calibrated,41,0,1600,1616.3528755790003,6,candidate_006,[],0,0,zero_rank,false,0.0,0.0,0.0,0.0,true,,"[0.0,0.0,0.0]"
NLU/output/glue/rte_allocator/genetic_budgeted_calibrated/ali_last_seed42_budget0.94/telemetry.jsonl,rank_telemetry.v1,genetic_budgeted_calibrated,42,0,200,187.59194355699947,0,candidate_000,"[""deberta.encoder.layer.5.intermediate.dense"",""deberta.encoder.layer.9.attention.output.dense"",""deberta.encoder.layer.9.intermediate.dense"",""deberta.encoder.layer.10.intermediate.dense"",""deberta.encoder.layer.10.output.dense""]",5,16901,greedy_anchor,false,,,,,false,non_finite_calibration_gradient,"[""NaN""]"
NLU/output/glue/rte_allocator/genetic_budgeted_calibrated/ali_last_seed42_budget0.94/telemetry.jsonl,rank_telemetry.v1,genetic_budgeted_calibrated,42,0,200,187.59194355699947,1,candidate_001,"[""deberta.encoder.layer.5.intermediate.dense"",""deberta.encoder.layer.9.intermediate.dense""]",2,7682,greedy_neighborhood,false,0.006989707549413045,0.0404160318873935,-0.013218308394283704,9.098812222615263e-07,true,,"[0.03602093458175659,0.035112977027893066,-0.05016478896141052]"
NLU/output/glue/rte_allocator/genetic_budgeted_calibrated/ali_last_seed42_budget0.94/telemetry.jsonl,rank_telemetry.v1,genetic_budgeted_calibrated,42,0,200,187.59194355699947,2,candidate_002,"[""deberta.encoder.layer.5.attention.self.value_proj"",""deberta.encoder.layer.7.attention.output.dense"",""deberta.encoder.layer.9.attention.self.value_proj"",""deberta.encoder.layer.11.attention.self.value_proj"",""deberta.encoder.layer.11.output.dense""]",5,9989,global_ga,false,-0.004144772887229919,0.003898329860024019,-0.006093937817241929,-4.1493371581038337e-07,true,,"[-0.0026753246784210205,-0.0002777576446533203,-0.009481236338615417]"
NLU/output/glue/rte_allocator/genetic_budgeted_calibrated/ali_last_seed42_budget0.94/telemetry.jsonl,rank_telemetry.v1,genetic_budgeted_calibrated,42,0,200,187.59194355699947,3,candidate_003,"[""deberta.encoder.layer.9.attention.self.value_proj""]",1,1537,greedy_neighborhood,false,-0.0024223526318868003,0.0017252809344545535,-0.003284993099114077,-1.5760264358404685e-06,true,,"[-0.0017615258693695068,-0.0007187128067016602,-0.004786819219589233]"
NLU/output/glue/rte_allocator/genetic_budgeted_calibrated/ali_last_seed42_budget0.94/telemetry.jsonl,rank_telemetry.v1,genetic_budgeted_calibrated,42,0,200,187.59194355699947,4,candidate_004,"[""deberta.encoder.layer.0.intermediate.dense"",""deberta.encoder.layer.4.attention.self.value_proj"",""deberta.encoder.layer.5.intermediate.dense"",""deberta.encoder.layer.6.attention.self.query_proj""]",4,10756,global_ga,false,-0.030681838591893513,0.012179044515659754,-0.03677136084972339,-2.852532409064105e-06,true,,"[-0.019102752208709717,-0.025428861379623413,-0.04751390218734741]"
NLU/output/glue/rte_allocator/genetic_budgeted_calibrated/ali_last_seed42_budget0.94/telemetry.jsonl,rank_telemetry.v1,genetic_budgeted_calibrated,42,0,200,187.59194355699947,5,candidate_005,"[""deberta.encoder.layer.5.intermediate.dense""]",1,3841,greedy_neighborhood,false,-0.028524339199066162,0.011347937165857297,-0.03419830778199481,-7.4262794061614584e-06,true,,"[-0.017810851335525513,-0.023533165454864502,-0.04422900080680847]"
NLU/output/glue/rte_allocator/genetic_budgeted_calibrated/ali_last_seed42_budget0.94/telemetry.jsonl,rank_telemetry.v1,genetic_budgeted_calibrated,42,0,200,187.59194355699947,6,candidate_006,[],0,0,zero_rank,true,0.0,0.0,0.0,0.0,true,,"[0.0,0.0,0.0]"
NLU/output/glue/rte_allocator/genetic_budgeted_calibrated/ali_last_seed42_budget0.94/telemetry.jsonl,rank_telemetry.v1,genetic_budgeted_calibrated,42,0,300,292.9720306829995,0,candidate_000,"[""deberta.encoder.layer.5.intermediate.dense"",""deberta.encoder.layer.6.attention.output.dense"",""deberta.encoder.layer.8.intermediate.dense"",""deberta.encoder.layer.9.attention.output.dense"",""deberta.encoder.layer.9.intermediate.dense""]",5,14597,greedy_anchor,false,-0.07610002905130386,0.009911681624781994,-0.08105586986369485,-5.213402003925729e-06,true,,"[-0.08133421838283539,-0.06222173571586609,-0.08474413305521011]"
NLU/output/glue/rte_allocator/genetic_budgeted_calibrated/ali_last_seed42_budget0.94/telemetry.jsonl,rank_telemetry.v1,genetic_budgeted_calibrated,42,0,300,292.9720306829995,1,candidate_001,"[""deberta.encoder.layer.5.intermediate.dense"",""deberta.encoder.layer.9.attention.output.dense""]",2,5378,greedy_neighborhood,false,-0.01654974619547526,0.008752315773869711,-0.020925904082410116,-3.0773049824238123e-06,true,,"[-0.028736397624015808,-0.012332238256931305,-0.008580602705478668]"
NLU/output/glue/rte_allocator/genetic_budgeted_calibrated/ali_last_seed42_budget0.94/telemetry.jsonl,rank_telemetry.v1,genetic_budgeted_calibrated,42,0,300,292.9720306829995,2,candidate_002,"[""deberta.encoder.layer.1.attention.self.query_proj"",""deberta.encoder.layer.1.output.dense"",""deberta.encoder.layer.2.output.dense"",""deberta.encoder.layer.5.attention.self.query_proj"",""deberta.encoder.layer.8.output.dense""]",5,14597,global_ga,false,6.507585446039836e-05,0.00016433058625283116,-1.708943866601722e-05,4.458166367089016e-09,true,,"[6.35683536529541e-05,0.0002670884132385254,-0.00013542920351028442]"
NLU/output/glue/rte_allocator/genetic_budgeted_calibrated/ali_last_seed42_budget0.94/telemetry.jsonl,rank_telemetry.v1,genetic_budgeted_calibrated,42,0,300,292.9720306829995,3,candidate_003,"[""deberta.encoder.layer.5.attention.self.query_proj""]",1,1537,greedy_neighborhood,false,5.4933130741119385e-05,0.00021571635649750517,-5.29250475076332e-05,3.5740488445751066e-08,true,,"[0.00024734437465667725,0.0001637488603591919,-0.000246293842792511]"
NLU/output/glue/rte_allocator/genetic_budgeted_calibrated/ali_last_seed42_budget0.94/telemetry.jsonl,rank_telemetry.v1,genetic_budgeted_calibrated,42,0,300,292.9720306829995,4,candidate_004,"[""deberta.encoder.layer.5.attention.self.query_proj"",""deberta.encoder.layer.9.attention.output.dense"",""deberta.encoder.layer.9.intermediate.dense""]",3,6915,global_ga,false,-0.06391116480032603,0.01989792823001984,-0.07386012891533596,-9.242395488116564e-06,true,,"[-0.0878526121377945,-0.06474655866622925,-0.039134323596954346]"
NLU/output/glue/rte_allocator/genetic_budgeted_calibrated/ali_last_seed42_budget0.94/telemetry.jsonl,rank_telemetry.v1,genetic_budgeted_calibrated,42,0,300,292.9720306829995,5,candidate_005,"[""deberta.encoder.layer.5.intermediate.dense""]",1,3841,greedy_neighborhood,false,-0.003503230710824331,0.0007291031013327966,-0.003867782261490729,-9.120621480927704e-07,true,,"[-0.0031341910362243652,-0.0028539374470710754,-0.004521563649177551]"
NLU/output/glue/rte_allocator/genetic_budgeted_calibrated/ali_last_seed42_budget0.94/telemetry.jsonl,rank_telemetry.v1,genetic_budgeted_calibrated,42,0,300,292.9720306829995,6,candidate_006,[],0,0,zero_rank,true,0.0,0.0,0.0,0.0,true,,"[0.0,0.0,0.0]"
NLU/output/glue/rte_allocator/genetic_budgeted_calibrated/ali_last_seed43_budget0.94/telemetry.jsonl,rank_telemetry.v1,genetic_budgeted_calibrated,43,0,200,190.66784459100018,0,candidate_000,"[""deberta.encoder.layer.5.intermediate.dense"",""deberta.encoder.layer.8.attention.self.value_proj"",""deberta.encoder.layer.8.intermediate.dense"",""deberta.encoder.layer.9.intermediate.dense"",""deberta.encoder.layer.10.intermediate.dense""]",5,16901,greedy_anchor,false,0.05850577354431152,0.1182270599695521,-0.0006077564404645269,3.4616752585238463e-06,true,,"[0.1264125406742096,0.156870037317276,-0.10776525735855103]"
NLU/output/glue/rte_allocator/genetic_budgeted_calibrated/ali_last_seed43_budget0.94/telemetry.jsonl,rank_telemetry.v1,genetic_budgeted_calibrated,43,0,200,190.66784459100018,1,candidate_001,"[""deberta.encoder.layer.8.attention.self.value_proj""]",1,1537,greedy_neighborhood,false,0.030260632435480755,0.009888756970734592,0.025316253950113457,1.9688114792115e-05,true,,"[0.04364013671875,0.027095496654510498,0.020046263933181763]"
NLU/output/glue/rte_allocator/genetic_budgeted_calibrated/ali_last_seed43_budget0.94/telemetry.jsonl,rank_telemetry.v1,genetic_budgeted_calibrated,43,0,200,190.66784459100018,2,candidate_002,"[""deberta.encoder.layer.1.output.dense"",""deberta.encoder.layer.2.attention.self.value_proj"",""deberta.encoder.layer.9.attention.self.query_proj"",""deberta.encoder.layer.11.attention.self.key_proj"",""deberta.encoder.layer.11.intermediate.dense""]",5,12293,global_ga,false,-0.001125266154607137,0.0014172022209880972,-0.0018338672651011857,-9.153714753169584e-08,true,,"[0.0006589889526367188,-0.0028079748153686523,-0.0012268126010894775]"
NLU/output/glue/rte_allocator/genetic_budgeted_calibrated/ali_last_seed43_budget0.94/telemetry.jsonl,rank_telemetry.v1,genetic_budgeted_calibrated,43,0,200,190.66784459100018,3,candidate_003,"[""deberta.encoder.layer.9.attention.self.query_proj""]",1,1537,greedy_neighborhood,false,0.0005036294460296631,0.000413643674489148,0.0002968076087850891,3.2767042682476454e-07,true,,"[0.0009686946868896484,0.0005784034729003906,-3.6209821701049805e-05]"
NLU/output/glue/rte_allocator/genetic_budgeted_calibrated/ali_last_seed43_budget0.94/telemetry.jsonl,rank_telemetry.v1,genetic_budgeted_calibrated,43,0,200,190.66784459100018,4,candidate_004,"[""deberta.encoder.layer.5.attention.self.key_proj"",""deberta.encoder.layer.6.intermediate.dense"",""deberta.encoder.layer.9.attention.self.query_proj"",""deberta.encoder.layer.10.intermediate.dense""]",4,10756,global_ga,false,0.1286020278930664,0.09681082137926661,0.0801966172034331,1.1956306051791224e-05,true,,"[0.19900214672088623,0.195094496011734,-0.00829055905342102]"
NLU/output/glue/rte_allocator/genetic_budgeted_calibrated/ali_last_seed43_budget0.94/telemetry.jsonl,rank_telemetry.v1,genetic_budgeted_calibrated,43,0,200,190.66784459100018,5,candidate_005,"[""deberta.encoder.layer.8.attention.self.value_proj"",""deberta.encoder.layer.10.intermediate.dense""]",2,5378,greedy_neighborhood,true,0.1411245365937551,0.10471113348650336,0.08876896985050342,2.6241081553320024e-05,true,,"[0.21206793189048767,0.21822240948677063,-0.006916731595993042]"
NLU/output/glue/rte_allocator/genetic_budgeted_calibrated/ali_last_seed43_budget0.94/telemetry.jsonl,rank_telemetry.v1,genetic_budgeted_calibrated,43,0,200,190.66784459100018,6,candidate_006,[],0,0,zero_rank,false,0.0,0.0,0.0,0.0,true,,"[0.0,0.0,0.0]"
NLU/output/glue/rte_allocator/genetic_budgeted_calibrated/ali_last_seed43_budget0.94/telemetry.jsonl,rank_telemetry.v1,genetic_budgeted_calibrated,43,0,300,294.421161667,0,candidate_000,"[""deberta.encoder.layer.4.attention.output.dense"",""deberta.encoder.layer.5.intermediate.dense"",""deberta.encoder.layer.8.intermediate.dense"",""deberta.encoder.layer.9.intermediate.dense"",""deberta.encoder.layer.10.intermediate.dense""]",5,16901,greedy_anchor,false,-0.17893496652444205,0.021182818545579633,-0.18952637579723186,-1.0587241377696116e-05,true,,"[-0.16304370760917664,-0.20887306332588196,-0.16488812863826752]"
NLU/output/glue/rte_allocator/genetic_budgeted_calibrated/ali_last_seed43_budget0.94/telemetry.jsonl,rank_telemetry.v1,genetic_budgeted_calibrated,43,0,300,294.421161667,1,candidate_001,"[""deberta.encoder.layer.8.intermediate.dense""]",1,3841,greedy_neighborhood,false,-0.04348356028397878,0.012152347696087239,-0.0495597341320224,-1.1320895674037694e-05,true,,"[-0.03371526300907135,-0.03612211346626282,-0.06061330437660217]"
NLU/output/glue/rte_allocator/genetic_budgeted_calibrated/ali_last_seed43_budget0.94/telemetry.jsonl,rank_telemetry.v1,genetic_budgeted_calibrated,43,0,300,294.421161667,2,candidate_002,"[""deberta.encoder.layer.2.output.dense"",""deberta.encoder.layer.4.output.dense"",""deberta.encoder.layer.7.output.dense"",""deberta.encoder.layer.8.output.dense"",""deberta.encoder.layer.11.intermediate.dense""]",5,19205,global_ga,false,-0.0010465582211812337,0.0004797333674279541,-0.0012864249048952106,-5.449404952779139e-08,true,,"[-0.001624569296836853,-0.0004499107599258423,-0.0010651946067810059]"
NLU/output/glue/rte_allocator/genetic_budgeted_calibrated/ali_last_seed43_budget0.94/telemetry.jsonl,rank_telemetry.v1,genetic_budgeted_calibrated,43,0,300,294.421161667,3,candidate_003,"[""deberta.encoder.layer.2.attention.output.dense""]",1,1537,greedy_neighborhood,false,-3.8792689641316734e-05,0.0010486660364864783,-0.0005631257078845559,-2.523922553111043e-08,true,,"[-0.0014412254095077515,0.0002447664737701416,0.0010800808668136597]"
NLU/output/glue/rte_allocator/genetic_budgeted_calibrated/ali_last_seed43_budget0.94/telemetry.jsonl,rank_telemetry.v1,genetic_budgeted_calibrated,43,0,300,294.421161667,4,candidate_004,"[""deberta.encoder.layer.4.attention.output.dense"",""deberta.encoder.layer.5.attention.self.key_proj"",""deberta.encoder.layer.8.intermediate.dense"",""deberta.encoder.layer.10.attention.output.dense""]",4,8452,global_ga,false,-0.08377014100551605,0.01186646642497963,-0.08970337421800587,-9.911280289341701e-06,true,,"[-0.07944700121879578,-0.07188883423805237,-0.09997458755970001]"
NLU/output/glue/rte_allocator/genetic_budgeted_calibrated/ali_last_seed43_budget0.94/telemetry.jsonl,rank_telemetry.v1,genetic_budgeted_calibrated,43,0,300,294.421161667,5,candidate_005,"[""deberta.encoder.layer.5.intermediate.dense""]",1,3841,greedy_neighborhood,true,0.022505176564057667,0.013148833585561355,0.01593075977127699,5.859197230944459e-06,true,,"[0.04097367823123932,0.015148043632507324,0.011393807828426361]"
NLU/output/glue/rte_allocator/genetic_budgeted_calibrated/ali_last_seed43_budget0.94/telemetry.jsonl,rank_telemetry.v1,genetic_budgeted_calibrated,43,0,300,294.421161667,6,candidate_006,[],0,0,zero_rank,false,0.0,0.0,0.0,0.0,true,,"[0.0,0.0,0.0]"
NLU/output/glue/rte_allocator/genetic_budgeted_calibrated/ali_last_seed43_budget0.94/telemetry.jsonl,rank_telemetry.v1,genetic_budgeted_calibrated,43,0,400,398.6082903780007,0,candidate_000,"[""deberta.encoder.layer.4.attention.output.dense"",""deberta.encoder.layer.6.attention.self.value_proj"",""deberta.encoder.layer.7.attention.self.value_proj"",""deberta.encoder.layer.8.intermediate.dense"",""deberta.encoder.layer.9.intermediate.dense""]",5,12293,greedy_anchor,false,-0.04252136622865995,0.025708215386251627,-0.05537547392178577,-3.4589901756007444e-06,true,,"[-0.03419680893421173,-0.016034096479415894,-0.07733319327235222]"
NLU/output/glue/rte_allocator/genetic_budgeted_calibrated/ali_last_seed43_budget0.94/telemetry.jsonl,rank_telemetry.v1,genetic_budgeted_calibrated,43,0,400,398.6082903780007,1,candidate_001,"[""deberta.encoder.layer.7.attention.self.value_proj"",""deberta.encoder.layer.8.intermediate.dense""]",2,5378,greedy_neighborhood,false,0.003912530839443207,0.011352929597366494,-0.0017639339592400403,7.275066640838987e-07,true,,"[-0.0030863359570503235,0.01992577314376831,-0.005101844668388367]"
NLU/output/glue/rte_allocator/genetic_budgeted_calibrated/ali_last_seed43_budget0.94/telemetry.jsonl,rank_telemetry.v1,genetic_budgeted_calibrated,43,0,400,398.6082903780007,2,candidate_002,"[""deberta.encoder.layer.0.attention.output.dense"",""deberta.encoder.layer.0.output.dense"",""deberta.encoder.layer.7.output.dense"",""deberta.encoder.layer.8.output.dense"",""deberta.encoder.layer.9.output.dense""]",5,16901,global_ga,false,0.00016837939620018005,0.0001955277122315093,7.06155400844254e-05,9.96268837347968e-09,true,,"[5.9217214584350586e-05,0.0004429817199707031,2.93925404548645e-06]"
NLU/output/glue/rte_allocator/genetic_budgeted_calibrated/ali_last_seed43_budget0.94/telemetry.jsonl,rank_telemetry.v1,genetic_budgeted_calibrated,43,0,400,398.6082903780007,3,candidate_003,"[""deberta.encoder.layer.0.attention.output.dense""]",1,1537,greedy_neighborhood,false,-4.3682754039764404e-05,0.00016646142226885705,-0.00012691346517419293,-2.8420789876229282e-08,true,,"[0.0001555606722831726,-0.0002518892288208008,-3.471970558166504e-05]"
NLU/output/glue/rte_allocator/genetic_budgeted_calibrated/ali_last_seed43_budget0.94/telemetry.jsonl,rank_telemetry.v1,genetic_budgeted_calibrated,43,0,400,398.6082903780007,4,candidate_004,"[""deberta.encoder.layer.0.attention.self.value_proj"",""deberta.encoder.layer.6.attention.self.value_proj"",""deberta.encoder.layer.8.attention.self.value_proj""]",3,4611,global_ga,true,0.0045583707590897875,0.006999962630968648,0.0010583894436054634,9.885861546497045e-07,true,,"[-0.000531323254108429,0.014456480741500854,-0.00025004521012306213]"
NLU/output/glue/rte_allocator/genetic_budgeted_calibrated/ali_last_seed43_budget0.94/telemetry.jsonl,rank_telemetry.v1,genetic_budgeted_calibrated,43,0,400,398.6082903780007,5,candidate_005,"[""deberta.encoder.layer.8.intermediate.dense""]",1,3841,greedy_neighborhood,false,-0.0007696573932965597,0.008765876393251477,-0.005152595589922298,-2.003794306942358e-07,true,,"[-0.00879736989736557,0.011425137519836426,-0.004936739802360535]"
NLU/output/glue/rte_allocator/genetic_budgeted_calibrated/ali_last_seed43_budget0.94/telemetry.jsonl,rank_telemetry.v1,genetic_budgeted_calibrated,43,0,400,398.6082903780007,6,candidate_006,[],0,0,zero_rank,false,0.0,0.0,0.0,0.0,true,,"[0.0,0.0,0.0]"
NLU/output/glue/rte_allocator/genetic_budgeted_calibrated/ali_last_seed43_budget0.94/telemetry.jsonl,rank_telemetry.v1,genetic_budgeted_calibrated,43,0,500,504.4839580879998,0,candidate_000,"[""deberta.encoder.layer.1.intermediate.dense"",""deberta.encoder.layer.4.attention.output.dense"",""deberta.encoder.layer.4.intermediate.dense"",""deberta.encoder.layer.7.attention.self.value_proj"",""deberta.encoder.layer.8.intermediate.dense""]",5,14597,greedy_anchor,false,-0.005875864376624425,0.006130856347046919,-0.008941292550147884,-4.025391776820186e-07,true,,"[-0.014510579407215118,-0.0008785277605056763,-0.002238485962152481]"
NLU/output/glue/rte_allocator/genetic_budgeted_calibrated/ali_last_seed43_budget0.94/telemetry.jsonl,rank_telemetry.v1,genetic_budgeted_calibrated,43,0,500,504.4839580879998,1,candidate_001,"[""deberta.encoder.layer.4.intermediate.dense"",""deberta.encoder.layer.8.intermediate.dense""]",2,7682,greedy_neighborhood,false,-0.005823108057181041,0.00821543061265807,-0.009930823363510075,-7.580197939574383e-07,true,,"[-0.01742391288280487,-0.0005758292973041534,0.0005304180085659027]"
NLU/output/glue/rte_allocator/genetic_budgeted_calibrated/ali_last_seed43_budget0.94/telemetry.jsonl,rank_telemetry.v1,genetic_budgeted_calibrated,43,0,500,504.4839580879998,2,candidate_002,"[""deberta.encoder.layer.1.output.dense"",""deberta.encoder.layer.2.attention.output.dense"",""deberta.encoder.layer.7.intermediate.dense"",""deberta.encoder.layer.8.output.dense"",""deberta.encoder.layer.10.attention.output.dense""]",5,14597,global_ga,false,-0.0017338755230108898,0.0026574488368364835,-0.0030625999414291318,-1.1878300493326641e-07,true,,"[-0.005327928811311722,-0.000888235867023468,0.0010145381093025208]"
NLU/output/glue/rte_allocator/genetic_budgeted_calibrated/ali_last_seed43_budget0.94/telemetry.jsonl,rank_telemetry.v1,genetic_budgeted_calibrated,43,0,500,504.4839580879998,3,candidate_003,"[""deberta.encoder.layer.2.attention.output.dense""]",1,1537,greedy_neighborhood,false,-0.00022759785254796347,0.00011303104308714035,-0.00028411337409153364,-1.4807927947167434e-07,true,,"[-0.0003178119659423828,-6.821006536483765e-05,-0.0002967715263366699]"
NLU/output/glue/rte_allocator/genetic_budgeted_calibrated/ali_last_seed43_budget0.94/telemetry.jsonl,rank_telemetry.v1,genetic_budgeted_calibrated,43,0,500,504.4839580879998,4,candidate_004,"[""deberta.encoder.layer.2.attention.output.dense"",""deberta.encoder.layer.4.attention.output.dense"",""deberta.encoder.layer.5.intermediate.dense""]",3,6915,global_ga,false,-0.00019741679231325784,0.0004944232765480865,-0.00044462843058730114,-2.8549066133515234e-08,true,,"[0.0004853978753089905,-0.00040842220187187195,-0.0006692260503768921]"
NLU/output/glue/rte_allocator/genetic_budgeted_calibrated/ali_last_seed43_budget0.94/telemetry.jsonl,rank_telemetry.v1,genetic_budgeted_calibrated,43,0,500,504.4839580879998,5,candidate_005,"[""deberta.encoder.layer.8.intermediate.dense""]",1,3841,greedy_neighborhood,false,-0.014066305011510849,0.02012716065244715,-0.024129885337734424,-3.6621465794092293e-06,true,,"[-0.04252900183200836,-8.00304114818573e-05,0.0004101172089576721]"
NLU/output/glue/rte_allocator/genetic_budgeted_calibrated/ali_last_seed43_budget0.94/telemetry.jsonl,rank_telemetry.v1,genetic_budgeted_calibrated,43,0,500,504.4839580879998,6,candidate_006,[],0,0,zero_rank,true,0.0,0.0,0.0,0.0,true,,"[0.0,0.0,0.0]"
NLU/output/glue/rte_allocator/genetic_budgeted_calibrated/ali_last_seed43_budget0.94/telemetry.jsonl,rank_telemetry.v1,genetic_budgeted_calibrated,43,0,600,609.1865338160005,0,candidate_000,"[""deberta.encoder.layer.4.intermediate.dense"",""deberta.encoder.layer.5.attention.output.dense"",""deberta.encoder.layer.6.intermediate.dense"",""deberta.encoder.layer.7.attention.self.value_proj"",""deberta.encoder.layer.8.intermediate.dense""]",5,14597,greedy_anchor,false,0.006015206376711528,0.015574539304594154,-0.0017720632755855491,4.120851117840329e-07,true,,"[-0.008718591183423996,0.02756081521511078,-0.0007966049015522003]"
NLU/output/glue/rte_allocator/genetic_budgeted_calibrated/ali_last_seed43_budget0.94/telemetry.jsonl,rank_telemetry.v1,genetic_budgeted_calibrated,43,0,600,609.1865338160005,1,candidate_001,"[""deberta.encoder.layer.7.attention.self.value_proj"",""deberta.encoder.layer.8.intermediate.dense""]",2,5378,greedy_neighborhood,true,0.0138672503332297,0.022466450886404036,0.002634024890027682,2.578514379551822e-06,true,,"[-0.003628019243478775,0.04558331519365311,-0.0003535449504852295]"
NLU/output/glue/rte_allocator/genetic_budgeted_calibrated/ali_last_seed43_budget0.94/telemetry.jsonl,rank_telemetry.v1,genetic_budgeted_calibrated,43,0,600,609.1865338160005,2,candidate_002,"[""deberta.encoder.layer.0.attention.self.value_proj"",""deberta.encoder.layer.0.output.dense"",""deberta.encoder.layer.2.output.dense"",""deberta.encoder.layer.4.output.dense"",""deberta.encoder.layer.5.output.dense""]",5,16901,global_ga,false,-0.0005121491849422455,0.0005984676856400781,-0.0008113830277622846,-3.0302892428983226e-08,true,,"[-0.0001514442265033722,-0.0013555735349655151,-2.942979335784912e-05]"
NLU/output/glue/rte_allocator/genetic_budgeted_calibrated/ali_last_seed43_budget0.94/telemetry.jsonl,rank_telemetry.v1,genetic_budgeted_calibrated,43,0,600,609.1865338160005,3,candidate_003,"[""deberta.encoder.layer.0.attention.self.value_proj""]",1,1537,greedy_neighborhood,false,2.2140642007191977e-06,5.541965056511805e-05,-2.549576108183983e-05,1.440510215171892e-09,true,,"[-6.157532334327698e-05,7.354468107223511e-05,-5.327165126800537e-06]"
NLU/output/glue/rte_allocator/genetic_budgeted_calibrated/ali_last_seed43_budget0.94/telemetry.jsonl,rank_telemetry.v1,genetic_budgeted_calibrated,43,0,600,609.1865338160005,4,candidate_004,"[""deberta.encoder.layer.0.attention.self.value_proj"",""deberta.encoder.layer.4.attention.output.dense"",""deberta.encoder.layer.5.attention.output.dense"",""deberta.encoder.layer.6.intermediate.dense""]",4,8452,global_ga,false,-0.01028456042210261,0.01417810631258511,-0.017373613578395165,-1.2168197375890452e-06,true,,"[-0.00035463646054267883,-0.03033512830734253,-0.00016391649842262268]"
NLU/output/glue/rte_allocator/genetic_budgeted_calibrated/ali_last_seed43_budget0.94/telemetry.jsonl,rank_telemetry.v1,genetic_budgeted_calibrated,43,0,600,609.1865338160005,5,candidate_005,"[""deberta.encoder.layer.5.attention.output.dense"",""deberta.encoder.layer.8.intermediate.dense""]",2,5378,greedy_neighborhood,false,0.013918844362099966,0.02463342913765203,0.0016021297932739507,2.5881079141130467e-06,true,,"[-0.0065321847796440125,0.048568226397037506,-0.0002795085310935974]"
NLU/output/glue/rte_allocator/genetic_budgeted_calibrated/ali_last_seed43_budget0.94/telemetry.jsonl,rank_telemetry.v1,genetic_budgeted_calibrated,43,0,600,609.1865338160005,6,candidate_006,[],0,0,zero_rank,false,0.0,0.0,0.0,0.0,true,,"[0.0,0.0,0.0]"
NLU/output/glue/rte_allocator/genetic_budgeted_calibrated/ali_last_seed43_budget0.94/telemetry.jsonl,rank_telemetry.v1,genetic_budgeted_calibrated,43,0,700,712.664580263001,0,candidate_000,"[""deberta.encoder.layer.4.attention.output.dense"",""deberta.encoder.layer.4.intermediate.dense"",""deberta.encoder.layer.5.attention.output.dense"",""deberta.encoder.layer.6.intermediate.dense"",""deberta.encoder.layer.9.intermediate.dense""]",5,14597,greedy_anchor,false,-0.04193448772033056,0.07604670551408453,-0.07995784047737282,-2.8728154908769306e-06,true,,"[0.024042371660470963,-0.14847522974014282,-0.001370605081319809]"
NLU/output/glue/rte_allocator/genetic_budgeted_calibrated/ali_last_seed43_budget0.94/telemetry.jsonl,rank_telemetry.v1,genetic_budgeted_calibrated,43,0,700,712.664580263001,1,candidate_001,"[""deberta.encoder.layer.9.intermediate.dense""]",1,3841,greedy_neighborhood,true,0.025669762243827183,0.024381772317938838,0.013478876084857764,6.683093528723557e-06,true,,"[0.02165752649307251,0.05733448266983032,-0.00198272243142128]"
NLU/output/glue/rte_allocator/genetic_budgeted_calibrated/ali_last_seed43_budget0.94/telemetry.jsonl,rank_telemetry.v1,genetic_budgeted_calibrated,43,0,700,712.664580263001,2,candidate_002,"[""deberta.encoder.layer.2.output.dense"",""deberta.encoder.layer.4.attention.output.dense"",""deberta.encoder.layer.7.attention.self.value_proj"",""deberta.encoder.layer.8.attention.self.value_proj"",""deberta.encoder.layer.8.output.dense""]",5,12293,global_ga,false,0.025792735318342846,0.030940005387869892,0.0103227326244079,2.0981644284017607e-06,true,,"[0.008102156221866608,0.06929647922515869,-2.0429491996765137e-05]"
NLU/output/glue/rte_allocator/genetic_budgeted_calibrated/ali_last_seed43_budget0.94/telemetry.jsonl,rank_telemetry.v1,genetic_budgeted_calibrated,43,0,700,712.664580263001,3,candidate_003,"[""deberta.encoder.layer.8.attention.self.value_proj""]",1,1537,greedy_neighborhood,false,0.013621217260758081,0.018011012671438675,0.004615710925038744,8.862210319296085e-06,true,,"[0.001827627420425415,0.039069950580596924,-3.392621874809265e-05]"
NLU/output/glue/rte_allocator/genetic_budgeted_calibrated/ali_last_seed43_budget0.94/telemetry.jsonl,rank_telemetry.v1,genetic_budgeted_calibrated,43,0,700,712.664580263001,4,candidate_004,"[""deberta.encoder.layer.4.attention.output.dense"",""deberta.encoder.layer.7.attention.self.value_proj"",""deberta.encoder.layer.8.attention.self.value_proj""]",3,4611,global_ga,false,0.02785634994506836,0.03391728203607639,0.010897708927030163,6.041281705718577e-06,true,,"[0.007980749011039734,0.07560014724731445,-1.1846423149108887e-05]"
NLU/output/glue/rte_allocator/genetic_budgeted_calibrated/ali_last_seed43_budget0.94/telemetry.jsonl,rank_telemetry.v1,genetic_budgeted_calibrated,43,0,700,712.664580263001,5,candidate_005,"[""deberta.encoder.layer.4.intermediate.dense"",""deberta.encoder.layer.9.intermediate.dense""]",2,7682,greedy_neighborhood,false,-0.008841225256522497,0.03500189892983286,-0.026342174721438925,-1.1509014913463288e-06,true,,"[0.02967846393585205,-0.055024564266204834,-0.0011775754392147064]"
NLU/output/glue/rte_allocator/genetic_budgeted_calibrated/ali_last_seed43_budget0.94/telemetry.jsonl,rank_telemetry.v1,genetic_budgeted_calibrated,43,0,700,712.664580263001,6,candidate_006,[],0,0,zero_rank,false,0.0,0.0,0.0,0.0,true,,"[0.0,0.0,0.0]"
NLU/output/glue/rte_allocator/genetic_budgeted_calibrated/ali_last_seed43_budget0.94/telemetry.jsonl,rank_telemetry.v1,genetic_budgeted_calibrated,43,0,800,814.8913453130008,0,candidate_000,"[""deberta.encoder.layer.1.intermediate.dense"",""deberta.encoder.layer.4.attention.output.dense"",""deberta.encoder.layer.4.intermediate.dense"",""deberta.encoder.layer.5.attention.output.dense"",""deberta.encoder.layer.6.intermediate.dense""]",5,14597,greedy_anchor,false,-0.16515610553324223,0.23242606629543736,-0.2813691386809609,-1.131438689684471e-05,true,,"[-0.4938545823097229,-0.0017001554369926453,8.642114698886871e-05]"
NLU/output/glue/rte_allocator/genetic_budgeted_calibrated/ali_last_seed43_budget0.94/telemetry.jsonl,rank_telemetry.v1,genetic_budgeted_calibrated,43,0,800,814.8913453130008,1,candidate_001,"[""deberta.encoder.layer.4.intermediate.dense"",""deberta.encoder.layer.5.attention.output.dense""]",2,5378,greedy_neighborhood,false,-0.05581426123778025,0.07877838051496441,-0.09520345149526246,-1.0378256087352222e-05,true,,"[-0.16722291707992554,-0.0004751831293106079,0.00025531649589538574]"
NLU/output/glue/rte_allocator/genetic_budgeted_calibrated/ali_last_seed43_budget0.94/telemetry.jsonl,rank_telemetry.v1,genetic_budgeted_calibrated,43,0,800,814.8913453130008,2,candidate_002,"[""deberta.encoder.layer.0.intermediate.dense"",""deberta.encoder.layer.2.output.dense"",""deberta.encoder.layer.5.output.dense"",""deberta.encoder.layer.6.attention.self.value_proj"",""deberta.encoder.layer.9.output.dense""]",5,16901,global_ga,false,0.005117575327555339,0.007166652674134172,0.0015342489904882528,3.027971911458102e-07,true,,"[0.01525270938873291,2.4337321519851685e-05,7.567927241325378e-05]"
NLU/output/glue/rte_allocator/genetic_budgeted_calibrated/ali_last_seed43_budget0.94/telemetry.jsonl,rank_telemetry.v1,genetic_budgeted_calibrated,43,0,800,814.8913453130008,3,candidate_003,"[""deberta.encoder.layer.6.attention.self.value_proj""]",1,1537,greedy_neighborhood,true,0.01495713802675406,0.021172176577767137,0.004371049737870492,9.731384532696201e-06,true,,"[0.0448991060256958,-3.633648157119751e-05,8.644536137580872e-06]"
NLU/output/glue/rte_allocator/genetic_budgeted_calibrated/ali_last_seed43_budget0.94/telemetry.jsonl,rank_telemetry.v1,genetic_budgeted_calibrated,43,0,800,814.8913453130008,4,candidate_004,"[""deberta.encoder.layer.1.intermediate.dense"",""deberta.encoder.layer.5.attention.self.value_proj"",""deberta.encoder.layer.6.attention.self.value_proj"",""deberta.encoder.layer.8.attention.self.key_proj""]",4,8452,global_ga,false,-0.03193186968564987,0.04433716164304725,-0.05410045050717349,-3.7780252822586217e-06,true,,"[-0.09463337063789368,-0.0008403249084949493,-0.0003219135105609894]"
NLU/output/glue/rte_allocator/genetic_budgeted_calibrated/ali_last_seed43_budget0.94/telemetry.jsonl,rank_telemetry.v1,genetic_budgeted_calibrated,43,0,800,814.8913453130008,5,candidate_005,"[""deberta.encoder.layer.4.intermediate.dense""]",1,3841,greedy_neighborhood,false,-0.005997660880287488,0.008380685349846203,-0.01018800355521059,-1.5614842177265004e-06,true,,"[-0.017845839262008667,-0.00033688172698020935,0.00018973834812641144]"
NLU/output/glue/rte_allocator/genetic_budgeted_calibrated/ali_last_seed43_budget0.94/telemetry.jsonl,rank_telemetry.v1,genetic_budgeted_calibrated,43,0,800,814.8913453130008,6,candidate_006,[],0,0,zero_rank,false,0.0,0.0,0.0,0.0,true,,"[0.0,0.0,0.0]"
NLU/output/glue/rte_allocator/genetic_budgeted_calibrated/ali_last_seed43_budget0.94/telemetry.jsonl,rank_telemetry.v1,genetic_budgeted_calibrated,43,0,900,921.0591914830002,0,candidate_000,"[""deberta.encoder.layer.1.intermediate.dense"",""deberta.encoder.layer.4.intermediate.dense"",""deberta.encoder.layer.5.attention.output.dense"",""deberta.encoder.layer.5.intermediate.dense"",""deberta.encoder.layer.6.intermediate.dense""]",5,16901,greedy_anchor,false,-0.00022052600979804993,0.0002683933083464127,-0.00035472266397125625,-1.3048104242237141e-08,true,,"[5.6881457567214966e-05,-0.00013487227261066437,-0.0005835872143507004]"
NLU/output/glue/rte_allocator/genetic_budgeted_calibrated/ali_last_seed43_budget0.94/telemetry.jsonl,rank_telemetry.v1,genetic_budgeted_calibrated,43,0,900,921.0591914830002,1,candidate_001,"[""deberta.encoder.layer.4.intermediate.dense"",""deberta.encoder.layer.5.attention.output.dense""]",2,5378,greedy_neighborhood,true,0.00010252868135770161,0.00012921638082079312,3.7920490947305056e-05,1.9064462877966087e-08,true,,"[0.00028225407004356384,-1.595914363861084e-05,4.1291117668151855e-05]"
NLU/output/glue/rte_allocator/genetic_budgeted_calibrated/ali_last_seed43_budget0.94/telemetry.jsonl,rank_telemetry.v1,genetic_budgeted_calibrated,43,0,900,921.0591914830002,2,candidate_002,"[""deberta.encoder.layer.0.attention.output.dense"",""deberta.encoder.layer.1.output.dense"",""deberta.encoder.layer.3.output.dense"",""deberta.encoder.layer.8.attention.output.dense"",""deberta.encoder.layer.9.output.dense""]",5,14597,global_ga,false,3.043437997500102e-05,3.639579967930977e-05,1.2236480135346133e-05,2.084974993149347e-09,true,,"[8.06860625743866e-05,-4.338100552558899e-06,1.4955177903175354e-05]"
NLU/output/glue/rte_allocator/genetic_budgeted_calibrated/ali_last_seed43_budget0.94/telemetry.jsonl,rank_telemetry.v1,genetic_budgeted_calibrated,43,0,900,921.0591914830002,3,candidate_003,"[""deberta.encoder.layer.8.attention.output.dense""]",1,1537,greedy_neighborhood,false,3.7477041284243264e-05,4.389893569402792e-05,1.5527573437229303e-05,2.4383240913626067e-08,true,,"[9.42721962928772e-05,-1.263245940208435e-05,3.079138696193695e-05]"
NLU/output/glue/rte_allocator/genetic_budgeted_calibrated/ali_last_seed43_budget0.94/telemetry.jsonl,rank_telemetry.v1,genetic_budgeted_calibrated,43,0,900,921.0591914830002,4,candidate_004,"[""deberta.encoder.layer.1.intermediate.dense"",""deberta.encoder.layer.6.attention.self.value_proj"",""deberta.encoder.layer.8.attention.output.dense"",""deberta.encoder.layer.9.attention.self.key_proj""]",4,8452,global_ga,false,-0.00024210972090562186,0.0001909068323852311,-0.0003375631370982374,-2.8645258034266664e-08,true,,"[-0.00048734061419963837,-2.1696090698242188e-05,-0.00021729245781898499]"
NLU/output/glue/rte_allocator/genetic_budgeted_calibrated/ali_last_seed43_budget0.94/telemetry.jsonl,rank_telemetry.v1,genetic_budgeted_calibrated,43,0,900,921.0591914830002,5,candidate_005,"[""deberta.encoder.layer.4.intermediate.dense""]",1,3841,greedy_neighborhood,false,9.123298029104869e-05,0.0001420757143578143,2.019512311214154e-05,2.3752403095821058e-08,true,,"[0.00029203854501247406,-1.5178695321083069e-05,-3.160908818244934e-06]"
NLU/output/glue/rte_allocator/genetic_budgeted_calibrated/ali_last_seed43_budget0.94/telemetry.jsonl,rank_telemetry.v1,genetic_budgeted_calibrated,43,0,900,921.0591914830002,6,candidate_006,[],0,0,zero_rank,false,0.0,0.0,0.0,0.0,true,,"[0.0,0.0,0.0]"
NLU/output/glue/rte_allocator/genetic_budgeted_calibrated/ali_last_seed43_budget0.94/telemetry.jsonl,rank_telemetry.v1,genetic_budgeted_calibrated,43,0,1000,1022.728174453001,0,candidate_000,"[""deberta.encoder.layer.1.intermediate.dense"",""deberta.encoder.layer.4.attention.output.dense"",""deberta.encoder.layer.5.attention.self.value_proj"",""deberta.encoder.layer.5.intermediate.dense"",""deberta.encoder.layer.6.intermediate.dense""]",5,14597,greedy_anchor,false,-0.00028860879441102344,0.0003226387422852739,-0.0004499281655536604,-1.9771788340825063e-08,true,,"[-0.00016578473150730133,3.0543655157089233e-05,-0.0007305853068828583]"
NLU/output/glue/rte_allocator/genetic_budgeted_calibrated/ali_last_seed43_budget0.94/telemetry.jsonl,rank_telemetry.v1,genetic_budgeted_calibrated,43,0,1000,1022.728174453001,1,candidate_001,"[""deberta.encoder.layer.1.intermediate.dense"",""deberta.encoder.layer.6.intermediate.dense""]",2,7682,greedy_neighborhood,false,-0.000190914918979009,0.00023306666630899608,-0.00030744825213350704,-2.4852241470842097e-08,true,,"[-7.694214582443237e-05,1.9937753677368164e-05,-0.0005157403647899628]"
NLU/output/glue/rte_allocator/genetic_budgeted_calibrated/ali_last_seed43_budget0.94/telemetry.jsonl,rank_telemetry.v1,genetic_budgeted_calibrated,43,0,1000,1022.728174453001,2,candidate_002,"[""deberta.encoder.layer.4.output.dense"",""deberta.encoder.layer.6.output.dense"",""deberta.encoder.layer.7.attention.self.value_proj"",""deberta.encoder.layer.7.intermediate.dense"",""deberta.encoder.layer.8.output.dense""]",5,16901,global_ga,true,2.6887903610865276e-05,3.799481661498888e-05,7.890495303370835e-06,1.5909060772063947e-09,true,,"[-6.601214408874512e-06,7.241964340209961e-06,8.002296090126038e-05]"
NLU/output/glue/rte_allocator/genetic_budgeted_calibrated/ali_last_seed43_budget0.94/telemetry.jsonl,rank_telemetry.v1,genetic_budgeted_calibrated,43,0,1000,1022.728174453001,3,candidate_003,"[""deberta.encoder.layer.7.attention.self.value_proj""]",1,1537,greedy_neighborhood,false,2.4413069089253745e-06,3.8664449638980486e-06,5.080844269763502e-07,1.5883584313112392e-09,true,,"[-2.738088369369507e-06,6.549060344696045e-06,3.512948751449585e-06]"
NLU/output/glue/rte_allocator/genetic_budgeted_calibrated/ali_last_seed43_budget0.94/telemetry.jsonl,rank_telemetry.v1,genetic_budgeted_calibrated,43,0,1000,1022.728174453001,4,candidate_004,"[""deberta.encoder.layer.1.intermediate.dense"",""deberta.encoder.layer.4.attention.self.value_proj"",""deberta.encoder.layer.4.attention.output.dense"",""deberta.encoder.layer.6.attention.self.key_proj"",""deberta.encoder.layer.8.intermediate.dense""]",5,12293,global_ga,false,-0.0004995086540778478,0.0005869156149672503,-0.000792966461561473,-4.063358448530447e-08,true,,"[-0.00016945227980613708,-4.990026354789734e-06,-0.0013240836560726166]"
NLU/output/glue/rte_allocator/genetic_budgeted_calibrated/ali_last_seed43_budget0.94/telemetry.jsonl,rank_telemetry.v1,genetic_budgeted_calibrated,43,0,1000,1022.728174453001,5,candidate_005,"[""deberta.encoder.layer.1.intermediate.dense""]",1,3841,greedy_neighborhood,false,-0.00018954090774059296,0.0002335532674568994,-0.00030631754146904263,-4.934676067185445e-08,true,,"[-6.952695548534393e-05,1.6944482922554016e-05,-0.000516040250658989]"
NLU/output/glue/rte_allocator/genetic_budgeted_calibrated/ali_last_seed43_budget0.94/telemetry.jsonl,rank_telemetry.v1,genetic_budgeted_calibrated,43,0,1000,1022.728174453001,6,candidate_006,[],0,0,zero_rank,false,0.0,0.0,0.0,0.0,true,,"[0.0,0.0,0.0]"
NLU/output/glue/rte_allocator/genetic_budgeted_calibrated/ali_last_seed43_budget0.94/telemetry.jsonl,rank_telemetry.v1,genetic_budgeted_calibrated,43,0,1100,1129.1182877930005,0,candidate_000,"[""deberta.encoder.layer.2.attention.output.dense"",""deberta.encoder.layer.4.attention.output.dense"",""deberta.encoder.layer.5.attention.self.value_proj"",""deberta.encoder.layer.5.intermediate.dense"",""deberta.encoder.layer.6.intermediate.dense""]",5,12293,greedy_anchor,false,-0.0016686382393042247,0.00202946822979449,-0.0026833723542014696,-1.3573889524967255e-07,true,,"[-0.00011944025754928589,-0.00035084597766399384,-0.004535628482699394]"
NLU/output/glue/rte_allocator/genetic_budgeted_calibrated/ali_last_seed43_budget0.94/telemetry.jsonl,rank_telemetry.v1,genetic_budgeted_calibrated,43,0,1100,1129.1182877930005,1,candidate_001,"[""deberta.encoder.layer.5.attention.self.value_proj"",""deberta.encoder.layer.5.intermediate.dense""]",2,5378,greedy_neighborhood,false,-0.00014104818304379782,4.535957703823994e-05,-0.0001637279715629178,-2.6226884165823322e-08,true,,"[-0.0001980755478143692,-0.0001379735767841339,-8.709542453289032e-05]"
NLU/output/glue/rte_allocator/genetic_budgeted_calibrated/ali_last_seed43_budget0.94/telemetry.jsonl,rank_telemetry.v1,genetic_budgeted_calibrated,43,0,1100,1129.1182877930005,2,candidate_002,"[""deberta.encoder.layer.4.output.dense"",""deberta.encoder.layer.5.output.dense"",""deberta.encoder.layer.7.attention.self.value_proj"",""deberta.encoder.layer.7.intermediate.dense"",""deberta.encoder.layer.9.attention.output.dense""]",5,14597,global_ga,false,-0.00019019097089767456,0.000176075119773941,-0.00027822853078464507,-1.3029456114110747e-08,true,,"[-9.190291166305542e-06,-0.0001325942575931549,-0.00042878836393356323]"
NLU/output/glue/rte_allocator/genetic_budgeted_calibrated/ali_last_seed43_budget0.94/telemetry.jsonl,rank_telemetry.v1,genetic_budgeted_calibrated,43,0,1100,1129.1182877930005,3,candidate_003,"[""deberta.encoder.layer.7.attention.self.value_proj""]",1,1537,greedy_neighborhood,true,0.00011390882233778636,0.00015260401479075548,3.760681494240862e-05,7.411114010265866e-08,true,,"[1.253560185432434e-06,1.082010567188263e-05,0.000329652801156044]"
NLU/output/glue/rte_allocator/genetic_budgeted_calibrated/ali_last_seed43_budget0.94/telemetry.jsonl,rank_telemetry.v1,genetic_budgeted_calibrated,43,0,1100,1129.1182877930005,4,candidate_004,"[""deberta.encoder.layer.2.attention.output.dense"",""deberta.encoder.layer.5.attention.self.value_proj"",""deberta.encoder.layer.9.intermediate.dense"",""deberta.encoder.layer.10.output.dense""]",4,10756,global_ga,false,-0.00047088414430618286,0.0012282806771686202,-0.001085024482890493,-4.377874156807204e-08,true,,"[-3.351271152496338e-05,-0.00214543379843235,0.000766294077038765]"
NLU/output/glue/rte_allocator/genetic_budgeted_calibrated/ali_last_seed43_budget0.94/telemetry.jsonl,rank_telemetry.v1,genetic_budgeted_calibrated,43,0,1100,1129.1182877930005,5,candidate_005,"[""deberta.encoder.layer.5.attention.self.value_proj""]",1,1537,greedy_neighborhood,false,-0.00037415698170661926,0.0006013660323087077,-0.0006748399978609731,-2.4343329974405937e-07,true,,"[9.346753358840942e-06,9.147636592388153e-05,-0.0012232940644025803]"
NLU/output/glue/rte_allocator/genetic_budgeted_calibrated/ali_last_seed43_budget0.94/telemetry.jsonl,rank_telemetry.v1,genetic_budgeted_calibrated,43,0,1100,1129.1182877930005,6,candidate_006,[],0,0,zero_rank,false,0.0,0.0,0.0,0.0,true,,"[0.0,0.0,0.0]"
NLU/output/glue/rte_allocator/genetic_budgeted_calibrated/ali_last_seed43_budget0.94/telemetry.jsonl,rank_telemetry.v1,genetic_budgeted_calibrated,43,0,1200,1234.78274393,0,candidate_000,"[""deberta.encoder.layer.2.attention.output.dense"",""deberta.encoder.layer.4.attention.output.dense"",""deberta.encoder.layer.5.attention.self.value_proj"",""deberta.encoder.layer.5.intermediate.dense"",""deberta.encoder.layer.6.intermediate.dense""]",5,12293,greedy_anchor,false,-0.00014841370284557343,0.00016945594357197096,-0.00023314167463155892,-1.207302553042979e-08,true,,"[-1.6812235116958618e-05,-0.0003876611590385437,-4.0767714381217957e-05]"
NLU/output/glue/rte_allocator/genetic_budgeted_calibrated/ali_last_seed43_budget0.94/telemetry.jsonl,rank_telemetry.v1,genetic_budgeted_calibrated,43,0,1200,1234.78274393,1,candidate_001,"[""deberta.encoder.layer.4.attention.output.dense"",""deberta.encoder.layer.6.intermediate.dense""]",2,5378,greedy_neighborhood,false,2.1476298570632935e-06,2.1739495142713014e-05,-8.722117714293214e-06,3.993361578771464e-10,true,,"[6.536021828651428e-06,2.6306137442588806e-05,-2.6399269700050354e-05]"
NLU/output/glue/rte_allocator/genetic_budgeted_calibrated/ali_last_seed43_budget0.94/telemetry.jsonl,rank_telemetry.v1,genetic_budgeted_calibrated,43,0,1200,1234.78274393,2,candidate_002,"[""deberta.encoder.layer.5.output.dense"",""deberta.encoder.layer.6.output.dense"",""deberta.encoder.layer.7.intermediate.dense"",""deberta.encoder.layer.10.attention.output.dense"",""deberta.encoder.layer.10.output.dense""]",5,16901,global_ga,false,-0.007136534278591474,0.00984380286255054,-0.012058435709866745,-4.22255149316104e-07,true,,"[-0.00010012462735176086,-0.021057497709989548,-0.0002519804984331131]"
NLU/output/glue/rte_allocator/genetic_budgeted_calibrated/ali_last_seed43_budget0.94/telemetry.jsonl,rank_telemetry.v1,genetic_budgeted_calibrated,43,0,1200,1234.78274393,3,candidate_003,"[""deberta.encoder.layer.10.attention.output.dense""]",1,1537,greedy_neighborhood,false,-0.00013165672620137533,9.613162667057575e-05,-0.0001797225395366632,-8.565824736589156e-08,true,,"[-4.24310564994812e-05,-0.00026510097086429596,-8.743815124034882e-05]"
NLU/output/glue/rte_allocator/genetic_budgeted_calibrated/ali_last_seed43_budget0.94/telemetry.jsonl,rank_telemetry.v1,genetic_budgeted_calibrated,43,0,1200,1234.78274393,4,candidate_004,"[""deberta.encoder.layer.2.attention.output.dense"",""deberta.encoder.layer.4.attention.output.dense"",""deberta.encoder.layer.6.attention.self.value_proj"",""deberta.encoder.layer.10.attention.output.dense""]",4,6148,global_ga,false,-0.0001005300631125768,5.384289901839818e-05,-0.0001274515126217759,-1.6351669341668315e-08,true,,"[-4.9715861678123474e-05,-0.0001750495284795761,-7.682479918003082e-05]"
NLU/output/glue/rte_allocator/genetic_budgeted_calibrated/ali_last_seed43_budget0.94/telemetry.jsonl,rank_telemetry.v1,genetic_budgeted_calibrated,43,0,1200,1234.78274393,5,candidate_005,"[""deberta.encoder.layer.6.intermediate.dense""]",1,3841,greedy_neighborhood,false,-2.7084102233250935e-05,2.640185963207063e-05,-4.028503204928625e-05,-7.051315343205138e-09,true,,"[7.033348083496094e-06,-5.728006362915039e-05,-3.100559115409851e-05]"
NLU/output/glue/rte_allocator/genetic_budgeted_calibrated/ali_last_seed43_budget0.94/telemetry.jsonl,rank_telemetry.v1,genetic_budgeted_calibrated,43,0,1200,1234.78274393,6,candidate_006,[],0,0,zero_rank,true,0.0,0.0,0.0,0.0,true,,"[0.0,0.0,0.0]"
NLU/output/glue/rte_allocator/genetic_budgeted_calibrated/ali_last_seed43_budget0.94/telemetry.jsonl,rank_telemetry.v1,genetic_budgeted_calibrated,43,0,1300,1342.9273229090013,0,candidate_000,"[""deberta.encoder.layer.1.intermediate.dense"",""deberta.encoder.layer.2.attention.output.dense"",""deberta.encoder.layer.4.attention.output.dense"",""deberta.encoder.layer.5.attention.self.value_proj"",""deberta.encoder.layer.6.intermediate.dense""]",5,12293,greedy_anchor,false,-0.00011338666081428528,0.00012082032067574969,-0.00017379682115216012,-9.223676955526338e-09,true,,"[-4.16850671172142e-05,-0.0002835523337125778,-1.4922581613063812e-05]"
NLU/output/glue/rte_allocator/genetic_budgeted_calibrated/ali_last_seed43_budget0.94/telemetry.jsonl,rank_telemetry.v1,genetic_budgeted_calibrated,43,0,1300,1342.9273229090013,1,candidate_001,"[""deberta.encoder.layer.4.attention.output.dense"",""deberta.encoder.layer.6.intermediate.dense""]",2,5378,greedy_neighborhood,false,-8.643294374148051e-05,0.00010168070394255736,-0.0001372732957127592,-1.607157749004844e-08,true,,"[-2.1248124539852142e-05,-0.00023002829402685165,-8.022412657737732e-06]"
NLU/output/glue/rte_allocator/genetic_budgeted_calibrated/ali_last_seed43_budget0.94/telemetry.jsonl,rank_telemetry.v1,genetic_budgeted_calibrated,43,0,1300,1342.9273229090013,2,candidate_002,"[""deberta.encoder.layer.1.output.dense"",""deberta.encoder.layer.2.intermediate.dense"",""deberta.encoder.layer.7.intermediate.dense"",""deberta.encoder.layer.7.output.dense"",""deberta.encoder.layer.11.attention.output.dense""]",5,16901,global_ga,false,-0.0003722449764609337,0.0004023183407795316,-0.0005734041468506995,-2.202502671208412e-08,true,,"[-7.671862840652466e-05,-0.0009410642087459564,-9.895209223031998e-05]"
NLU/output/glue/rte_allocator/genetic_budgeted_calibrated/ali_last_seed43_budget0.94/telemetry.jsonl,rank_telemetry.v1,genetic_budgeted_calibrated,43,0,1300,1342.9273229090013,3,candidate_003,"[""deberta.encoder.layer.11.attention.output.dense""]",1,1537,greedy_neighborhood,false,-0.00033941927055517834,0.000350992143079868,-0.0005149153420951123,-2.2083231656159945e-07,true,,"[-8.249655365943909e-05,-0.0008356934413313866,-0.00010006781667470932]"
NLU/output/glue/rte_allocator/genetic_budgeted_calibrated/ali_last_seed43_budget0.94/telemetry.jsonl,rank_telemetry.v1,genetic_budgeted_calibrated,43,0,1300,1342.9273229090013,4,candidate_004,"[""deberta.encoder.layer.1.intermediate.dense"",""deberta.encoder.layer.2.attention.self.value_proj"",""deberta.encoder.layer.4.attention.self.key_proj"",""deberta.encoder.layer.4.attention.output.dense""]",4,8452,global_ga,false,-4.0136898557345075e-06,1.899826531281281e-05,-1.3512822512140912e-05,-4.748804845876132e-10,true,,"[-2.884119749069214e-05,1.729372888803482e-05,-4.936009645462036e-07]"
NLU/output/glue/rte_allocator/genetic_budgeted_calibrated/ali_last_seed43_budget0.94/telemetry.jsonl,rank_telemetry.v1,genetic_budgeted_calibrated,43,0,1300,1342.9273229090013,5,candidate_005,"[""deberta.encoder.layer.4.attention.output.dense""]",1,1537,greedy_neighborhood,false,4.8354268074035645e-06,1.5582713947709364e-05,-2.9559301664511174e-06,3.146016140145455e-09,true,,"[-1.097843050956726e-05,2.6034191250801086e-05,-5.494803190231323e-07]"
NLU/output/glue/rte_allocator/genetic_budgeted_calibrated/ali_last_seed43_budget0.94/telemetry.jsonl,rank_telemetry.v1,genetic_budgeted_calibrated,43,0,1300,1342.9273229090013,6,candidate_006,[],0,0,zero_rank,true,0.0,0.0,0.0,0.0,true,,"[0.0,0.0,0.0]"
NLU/output/glue/rte_allocator/genetic_budgeted_calibrated/ali_last_seed44_budget0.94/telemetry.jsonl,rank_telemetry.v1,genetic_budgeted_calibrated,44,0,200,188.4913916940004,0,candidate_000,"[""deberta.encoder.layer.6.attention.self.value_proj"",""deberta.encoder.layer.6.attention.output.dense"",""deberta.encoder.layer.7.intermediate.dense"",""deberta.encoder.layer.9.intermediate.dense"",""deberta.encoder.layer.10.attention.self.value_proj""]",5,12293,greedy_anchor,false,0.01826522747675578,0.1268725036390385,-0.04517102434276346,1.4858234342109965e-06,true,,"[-0.1236918568611145,-0.005788266658782959,0.1842758059501648]"
NLU/output/glue/rte_allocator/genetic_budgeted_calibrated/ali_last_seed44_budget0.94/telemetry.jsonl,rank_telemetry.v1,genetic_budgeted_calibrated,44,0,200,188.4913916940004,1,candidate_001,"[""deberta.encoder.layer.7.intermediate.dense"",""deberta.encoder.layer.10.attention.self.value_proj""]",2,5378,greedy_neighborhood,false,-0.039339552323023476,0.09373254724350281,-0.08620582594477488,-7.314903741729914e-06,true,,"[-0.06461116671562195,-0.13939666748046875,0.08598917722702026]"
NLU/output/glue/rte_allocator/genetic_budgeted_calibrated/ali_last_seed44_budget0.94/telemetry.jsonl,rank_telemetry.v1,genetic_budgeted_calibrated,44,0,200,188.4913916940004,2,candidate_002,"[""deberta.encoder.layer.0.attention.self.key_proj"",""deberta.encoder.layer.1.output.dense"",""deberta.encoder.layer.3.attention.self.key_proj"",""deberta.encoder.layer.7.attention.self.query_proj"",""deberta.encoder.layer.11.output.dense""]",5,12293,global_ga,true,0.001079261302947998,0.0004825886840392645,0.0008379669609283658,8.779478589018124e-08,true,,"[0.000613093376159668,0.0017440319061279297,0.0008806586265563965]"
NLU/output/glue/rte_allocator/genetic_budgeted_calibrated/ali_last_seed44_budget0.94/telemetry.jsonl,rank_telemetry.v1,genetic_budgeted_calibrated,44,0,200,188.4913916940004,3,candidate_003,"[""deberta.encoder.layer.3.attention.self.key_proj""]",1,1537,greedy_neighborhood,false,0.00035429994265238446,0.00015739637420638864,0.00027560175554919015,2.305139509774785e-07,true,,"[0.00026279687881469727,0.0005757808685302734,0.00022432208061218262]"
NLU/output/glue/rte_allocator/genetic_budgeted_calibrated/ali_last_seed44_budget0.94/telemetry.jsonl,rank_telemetry.v1,genetic_budgeted_calibrated,44,0,200,188.4913916940004,4,candidate_004,"[""deberta.encoder.layer.7.attention.output.dense"",""deberta.encoder.layer.7.intermediate.dense"",""deberta.encoder.layer.10.attention.self.value_proj"",""deberta.encoder.layer.10.intermediate.dense"",""deberta.encoder.layer.11.attention.self.key_proj""]",5,12293,global_ga,false,0.047424912452697754,0.18759735763800597,-0.04637376636630523,3.857879480411434e-06,true,,"[-0.21628329157829285,0.15412667393684387,0.20443135499954224]"
NLU/output/glue/rte_allocator/genetic_budgeted_calibrated/ali_last_seed44_budget0.94/telemetry.jsonl,rank_telemetry.v1,genetic_budgeted_calibrated,44,0,200,188.4913916940004,5,candidate_005,"[""deberta.encoder.layer.7.intermediate.dense""]",1,3841,greedy_neighborhood,false,-0.047153343756993614,0.0371987788124372,-0.06575273316321222,-1.227631964514283e-05,true,,"[-0.06039831042289734,-0.08462226390838623,0.0035605430603027344]"
NLU/output/glue/rte_allocator/genetic_budgeted_calibrated/ali_last_seed44_budget0.94/telemetry.jsonl,rank_telemetry.v1,genetic_budgeted_calibrated,44,0,200,188.4913916940004,6,candidate_006,[],0,0,zero_rank,false,0.0,0.0,0.0,0.0,true,,"[0.0,0.0,0.0]"
NLU/output/glue/rte_allocator/genetic_budgeted_calibrated/ali_last_seed44_budget0.94/telemetry.jsonl,rank_telemetry.v1,genetic_budgeted_calibrated,44,0,300,296.8053173690005,0,candidate_000,"[""deberta.encoder.layer.6.attention.output.dense"",""deberta.encoder.layer.6.intermediate.dense"",""deberta.encoder.layer.7.intermediate.dense"",""deberta.encoder.layer.9.intermediate.dense"",""deberta.encoder.layer.10.attention.self.value_proj""]",5,14597,greedy_anchor,false,0.04412637650966644,0.10714518575185929,-0.0094462163662632,3.022975714850068e-06,true,,"[-0.05293339490890503,-0.008114203810691833,0.1934267282485962]"
NLU/output/glue/rte_allocator/genetic_budgeted_calibrated/ali_last_seed44_budget0.94/telemetry.jsonl,rank_telemetry.v1,genetic_budgeted_calibrated,44,0,300,296.8053173690005,1,candidate_001,"[""deberta.encoder.layer.9.intermediate.dense""]",1,3841,greedy_neighborhood,false,0.025703152020772297,0.04018522823596247,0.005610537902791063,6.691786519336708e-06,true,,"[-0.005306661128997803,-3.600120544433594e-05,0.08245211839675903]"
NLU/output/glue/rte_allocator/genetic_budgeted_calibrated/ali_last_seed44_budget0.94/telemetry.jsonl,rank_telemetry.v1,genetic_budgeted_calibrated,44,0,300,296.8053173690005,2,candidate_002,"[""deberta.encoder.layer.1.output.dense"",""deberta.encoder.layer.2.output.dense"",""deberta.encoder.layer.3.attention.self.key_proj"",""deberta.encoder.layer.3.output.dense"",""deberta.encoder.layer.11.output.dense""]",5,16901,global_ga,false,-0.0003609160582224528,0.0004594337917088092,-0.0005906329540768575,-2.13547161838029e-08,true,,"[-0.0010010004043579102,5.576014518737793e-05,-0.00013750791549682617]"
NLU/output/glue/rte_allocator/genetic_budgeted_calibrated/ali_last_seed44_budget0.94/telemetry.jsonl,rank_telemetry.v1,genetic_budgeted_calibrated,44,0,300,296.8053173690005,3,candidate_003,"[""deberta.encoder.layer.3.attention.self.key_proj""]",1,1537,greedy_neighborhood,false,0.0004305491844813029,9.513389622016827e-05,0.0003829822363712188,2.8012308684534997e-07,true,,"[0.000564873218536377,0.00036998093128204346,0.0003567934036254883]"
NLU/output/glue/rte_allocator/genetic_budgeted_calibrated/ali_last_seed44_budget0.94/telemetry.jsonl,rank_telemetry.v1,genetic_budgeted_calibrated,44,0,300,296.8053173690005,4,candidate_004,"[""deberta.encoder.layer.3.attention.self.key_proj"",""deberta.encoder.layer.6.intermediate.dense"",""deberta.encoder.layer.10.attention.self.value_proj""]",3,6915,global_ga,true,0.0496359517176946,0.04130075864326024,0.028985572396064484,7.178011817454028e-06,true,,"[0.05076470971107483,-0.0015018731355667114,0.09964501857757568]"
NLU/output/glue/rte_allocator/genetic_budgeted_calibrated/ali_last_seed44_budget0.94/telemetry.jsonl,rank_telemetry.v1,genetic_budgeted_calibrated,44,0,300,296.8053173690005,5,candidate_005,"[""deberta.encoder.layer.7.intermediate.dense""]",1,3841,greedy_neighborhood,false,-0.000310977300008138,0.03631438939800265,-0.01846817199900946,-8.09625878698615e-08,true,,"[-0.05152159929275513,0.021946728229522705,0.028641939163208008]"
NLU/output/glue/rte_allocator/genetic_budgeted_calibrated/ali_last_seed44_budget0.94/telemetry.jsonl,rank_telemetry.v1,genetic_budgeted_calibrated,44,0,300,296.8053173690005,6,candidate_006,[],0,0,zero_rank,false,0.0,0.0,0.0,0.0,true,,"[0.0,0.0,0.0]"
NLU/output/glue/rte_allocator/genetic_budgeted_calibrated/ali_last_seed44_budget0.94/telemetry.jsonl,rank_telemetry.v1,genetic_budgeted_calibrated,44,0,400,399.3913612260003,0,candidate_000,"[""deberta.encoder.layer.5.intermediate.dense"",""deberta.encoder.layer.6.attention.self.value_proj"",""deberta.encoder.layer.6.attention.output.dense"",""deberta.encoder.layer.7.intermediate.dense"",""deberta.encoder.layer.9.intermediate.dense""]",5,14597,greedy_anchor,false,-0.060991485913594566,0.11685644185206422,-0.11941970683962667,-4.178357601808219e-06,true,,"[-0.2249639630317688,0.0031646639108657837,0.038824841380119324]"
NLU/output/glue/rte_allocator/genetic_budgeted_calibrated/ali_last_seed44_budget0.94/telemetry.jsonl,rank_telemetry.v1,genetic_budgeted_calibrated,44,0,400,399.3913612260003,1,candidate_001,"[""deberta.encoder.layer.9.intermediate.dense""]",1,3841,greedy_neighborhood,false,-0.001619798441727956,0.024640161477910885,-0.0139398791806834,-4.217126898536725e-07,true,,"[-0.03035426139831543,-0.004324600100517273,0.029819466173648834]"
NLU/output/glue/rte_allocator/genetic_budgeted_calibrated/ali_last_seed44_budget0.94/telemetry.jsonl,rank_telemetry.v1,genetic_budgeted_calibrated,44,0,400,399.3913612260003,2,candidate_002,"[""deberta.encoder.layer.3.output.dense"",""deberta.encoder.layer.4.output.dense"",""deberta.encoder.layer.5.output.dense"",""deberta.encoder.layer.6.attention.self.value_proj"",""deberta.encoder.layer.11.output.dense""]",5,16901,global_ga,false,0.0023335317770640054,0.0016192938782331246,0.001523884837947443,1.3807063351659696e-07,true,,"[0.00037276744842529297,0.0022893548011779785,0.004338473081588745]"
NLU/output/glue/rte_allocator/genetic_budgeted_calibrated/ali_last_seed44_budget0.94/telemetry.jsonl,rank_telemetry.v1,genetic_budgeted_calibrated,44,0,400,399.3913612260003,3,candidate_003,"[""deberta.encoder.layer.6.attention.self.value_proj""]",1,1537,greedy_neighborhood,false,0.001062735915184021,0.002653672784118336,-0.000264100476875147,6.914352083175153e-07,true,,"[-0.0026901066303253174,0.0029292330145835876,0.0029490813612937927]"
NLU/output/glue/rte_allocator/genetic_budgeted_calibrated/ali_last_seed44_budget0.94/telemetry.jsonl,rank_telemetry.v1,genetic_budgeted_calibrated,44,0,400,399.3913612260003,4,candidate_004,"[""deberta.encoder.layer.4.attention.self.query_proj"",""deberta.encoder.layer.5.intermediate.dense"",""deberta.encoder.layer.6.attention.self.value_proj""]",3,6915,global_ga,true,0.019173187514146168,0.016270676475288362,0.011037849276501987,2.7726952298114488e-06,true,,"[0.04100260138511658,0.0019569024443626404,0.01456005871295929]"
NLU/output/glue/rte_allocator/genetic_budgeted_calibrated/ali_last_seed44_budget0.94/telemetry.jsonl,rank_telemetry.v1,genetic_budgeted_calibrated,44,0,400,399.3913612260003,5,candidate_005,"[""deberta.encoder.layer.7.intermediate.dense"",""deberta.encoder.layer.9.intermediate.dense""]",2,7682,greedy_neighborhood,false,-0.06044467290242513,0.1133502090087228,-0.11711977740678653,-7.868351067746048e-06,true,,"[-0.21941906213760376,0.0012166276574134827,0.036868415772914886]"
NLU/output/glue/rte_allocator/genetic_budgeted_calibrated/ali_last_seed44_budget0.94/telemetry.jsonl,rank_telemetry.v1,genetic_budgeted_calibrated,44,0,400,399.3913612260003,6,candidate_006,[],0,0,zero_rank,false,0.0,0.0,0.0,0.0,true,,"[0.0,0.0,0.0]"
NLU/output/glue/rte_allocator/genetic_budgeted_calibrated/ali_last_seed44_budget0.94/telemetry.jsonl,rank_telemetry.v1,genetic_budgeted_calibrated,44,0,500,509.3654776250005,0,candidate_000,"[""deberta.encoder.layer.6.attention.output.dense"",""deberta.encoder.layer.7.intermediate.dense"",""deberta.encoder.layer.8.intermediate.dense"",""deberta.encoder.layer.9.attention.self.value_proj"",""deberta.encoder.layer.9.intermediate.dense""]",5,14597,greedy_anchor,false,-0.09904924283425014,0.13720113640473625,-0.16764981103661825,-6.785589013787089e-06,true,,"[-0.29307276010513306,-0.0035814419388771057,-0.0004935264587402344]"
NLU/output/glue/rte_allocator/genetic_budgeted_calibrated/ali_last_seed44_budget0.94/telemetry.jsonl,rank_telemetry.v1,genetic_budgeted_calibrated,44,0,500,509.3654776250005,1,candidate_001,"[""deberta.encoder.layer.9.intermediate.dense""]",1,3841,greedy_neighborhood,false,-0.019848367820183437,0.02650997781765699,-0.033103356729011935,-5.167500083359395e-06,true,,"[-0.05732820928096771,-0.0018923468887805939,-0.00032454729080200195]"
NLU/output/glue/rte_allocator/genetic_budgeted_calibrated/ali_last_seed44_budget0.94/telemetry.jsonl,rank_telemetry.v1,genetic_budgeted_calibrated,44,0,500,509.3654776250005,2,candidate_002,"[""deberta.encoder.layer.1.output.dense"",""deberta.encoder.layer.4.attention.self.query_proj"",""deberta.encoder.layer.7.attention.self.key_proj"",""deberta.encoder.layer.7.output.dense"",""deberta.encoder.layer.11.output.dense""]",5,14597,global_ga,true,0.00029338399569193524,0.00048161289521994876,5.257754808196086e-05,2.009892414139448e-08,true,,"[0.0009724646806716919,-7.301568984985352e-07,-9.15825366973877e-05]"
NLU/output/glue/rte_allocator/genetic_budgeted_calibrated/ali_last_seed44_budget0.94/telemetry.jsonl,rank_telemetry.v1,genetic_budgeted_calibrated,44,0,500,509.3654776250005,3,candidate_003,"[""deberta.encoder.layer.4.attention.self.query_proj""]",1,1537,greedy_neighborhood,false,-4.369641343752543e-05,6.469189629395658e-05,-7.604236158450373e-05,-2.842967692747263e-08,true,,"[-0.00013513118028640747,-6.854534149169922e-07,4.727393388748169e-06]"
NLU/output/glue/rte_allocator/genetic_budgeted_calibrated/ali_last_seed44_budget0.94/telemetry.jsonl,rank_telemetry.v1,genetic_budgeted_calibrated,44,0,500,509.3654776250005,4,candidate_004,"[""deberta.encoder.layer.5.attention.output.dense"",""deberta.encoder.layer.7.attention.self.key_proj"",""deberta.encoder.layer.8.intermediate.dense"",""deberta.encoder.layer.9.intermediate.dense""]",4,10756,global_ga,false,-0.018490842233101528,0.024467614657146322,-0.03072464956167469,-1.7191188390760066e-06,true,,"[-0.053088366985321045,-0.0016967691481113434,-0.0006873905658721924]"
NLU/output/glue/rte_allocator/genetic_budgeted_calibrated/ali_last_seed44_budget0.94/telemetry.jsonl,rank_telemetry.v1,genetic_budgeted_calibrated,44,0,500,509.3654776250005,5,candidate_005,"[""deberta.encoder.layer.7.intermediate.dense""]",1,3841,greedy_neighborhood,false,-0.021798027058442433,0.03090074287521245,-0.037248398496048656,-5.675091658016775e-06,true,,"[-0.06549641489982605,-0.00029817596077919006,0.00040050968527793884]"
NLU/output/glue/rte_allocator/genetic_budgeted_calibrated/ali_last_seed44_budget0.94/telemetry.jsonl,rank_telemetry.v1,genetic_budgeted_calibrated,44,0,500,509.3654776250005,6,candidate_006,[],0,0,zero_rank,false,0.0,0.0,0.0,0.0,true,,"[0.0,0.0,0.0]"
NLU/output/glue/rte_allocator/genetic_budgeted_calibrated/ali_last_seed44_budget0.94/telemetry.jsonl,rank_telemetry.v1,genetic_budgeted_calibrated,44,0,600,613.7611617520015,0,candidate_000,"[""deberta.encoder.layer.5.attention.output.dense"",""deberta.encoder.layer.6.attention.output.dense"",""deberta.encoder.layer.7.attention.output.dense"",""deberta.encoder.layer.7.intermediate.dense"",""deberta.encoder.layer.9.intermediate.dense""]",5,12293,greedy_anchor,true,0.27312325437863666,0.3745314376542004,0.08585753555153647,2.221778690137775e-05,true,,"[-0.2138037160038948,0.33606723695993423,0.6971062421798706]"
NLU/output/glue/rte_allocator/genetic_budgeted_calibrated/ali_last_seed44_budget0.94/telemetry.jsonl,rank_telemetry.v1,genetic_budgeted_calibrated,44,0,600,613.7611617520015,1,candidate_001,"[""deberta.encoder.layer.6.attention.output.dense"",""deberta.encoder.layer.7.intermediate.dense""]",2,5378,greedy_neighborhood,false,0.14354312668244043,0.1795700066173014,0.053758123373789726,2.6690800796288662e-05,true,,"[-0.1057131364941597,0.2260812669992447,0.31026124954223633]"
NLU/output/glue/rte_allocator/genetic_budgeted_calibrated/ali_last_seed44_budget0.94/telemetry.jsonl,rank_telemetry.v1,genetic_budgeted_calibrated,44,0,600,613.7611617520015,2,candidate_002,"[""deberta.encoder.layer.0.output.dense"",""deberta.encoder.layer.2.output.dense"",""deberta.encoder.layer.7.attention.self.query_proj"",""deberta.encoder.layer.9.attention.self.value_proj"",""deberta.encoder.layer.10.attention.self.value_proj""]",5,12293,global_ga,false,-0.024766941865285236,0.03395507643101005,-0.041744480080790264,-2.014719097477039e-06,true,,"[-0.004056483507156372,-0.07264187932014465,0.0023975372314453125]"
NLU/output/glue/rte_allocator/genetic_budgeted_calibrated/ali_last_seed44_budget0.94/telemetry.jsonl,rank_telemetry.v1,genetic_budgeted_calibrated,44,0,600,613.7611617520015,3,candidate_003,"[""deberta.encoder.layer.9.attention.self.value_proj""]",1,1537,greedy_neighborhood,false,-0.00940303256114324,0.014010626702103103,-0.01640834591219479,-6.1177830586488224e-06,true,,"[-0.005216874182224274,0.005275994539260864,-0.02826821804046631]"
NLU/output/glue/rte_allocator/genetic_budgeted_calibrated/ali_last_seed44_budget0.94/telemetry.jsonl,rank_telemetry.v1,genetic_budgeted_calibrated,44,0,600,613.7611617520015,4,candidate_004,"[""deberta.encoder.layer.7.attention.self.query_proj"",""deberta.encoder.layer.9.attention.self.value_proj"",""deberta.encoder.layer.10.attention.self.value_proj""]",3,4611,global_ga,false,0.0071257005135218305,0.05063250855451819,-0.018190553763737263,1.5453698793150793e-06,true,,"[-0.006476804614067078,-0.046955764293670654,0.07480967044830322]"
NLU/output/glue/rte_allocator/genetic_budgeted_calibrated/ali_last_seed44_budget0.94/telemetry.jsonl,rank_telemetry.v1,genetic_budgeted_calibrated,44,0,600,613.7611617520015,5,candidate_005,"[""deberta.encoder.layer.7.intermediate.dense""]",1,3841,greedy_neighborhood,false,0.10125159472227097,0.1453186726732629,0.028592258385639516,2.6360738016732872e-05,true,,"[-0.10013671964406967,0.16647273302078247,0.2374187707901001]"
NLU/output/glue/rte_allocator/genetic_budgeted_calibrated/ali_last_seed44_budget0.94/telemetry.jsonl,rank_telemetry.v1,genetic_budgeted_calibrated,44,0,600,613.7611617520015,6,candidate_006,[],0,0,zero_rank,false,0.0,0.0,0.0,0.0,true,,"[0.0,0.0,0.0]"
NLU/output/glue/rte_allocator/genetic_budgeted_calibrated/ali_last_seed44_budget0.94/telemetry.jsonl,rank_telemetry.v1,genetic_budgeted_calibrated,44,0,700,720.4121378340005,0,candidate_000,"[""deberta.encoder.layer.1.intermediate.dense"",""deberta.encoder.layer.7.attention.self.value_proj"",""deberta.encoder.layer.7.intermediate.dense"",""deberta.encoder.layer.8.intermediate.dense"",""deberta.encoder.layer.9.attention.self.value_proj""]",5,14597,greedy_anchor,false,-0.07519744709134102,0.08642120872217597,-0.118408051452429,-5.151568616245874e-06,true,,"[-0.19671595096588135,-0.0031298846006393433,-0.025746505707502365]"
NLU/output/glue/rte_allocator/genetic_budgeted_calibrated/ali_last_seed44_budget0.94/telemetry.jsonl,rank_telemetry.v1,genetic_budgeted_calibrated,44,0,700,720.4121378340005,1,candidate_001,"[""deberta.encoder.layer.5.intermediate.dense"",""deberta.encoder.layer.7.intermediate.dense""]",2,7682,greedy_neighborhood,false,-0.0318294366200765,0.04357745828127587,-0.05361816576071443,-4.143378888320294e-06,true,,"[-0.09345567226409912,-0.001400526612997055,-0.000632110983133316]"
NLU/output/glue/rte_allocator/genetic_budgeted_calibrated/ali_last_seed44_budget0.94/telemetry.jsonl,rank_telemetry.v1,genetic_budgeted_calibrated,44,0,700,720.4121378340005,2,candidate_002,"[""deberta.encoder.layer.0.output.dense"",""deberta.encoder.layer.2.output.dense"",""deberta.encoder.layer.3.attention.self.key_proj"",""deberta.encoder.layer.6.output.dense"",""deberta.encoder.layer.9.attention.self.value_proj""]",5,14597,global_ga,false,-0.023818713923295338,0.03269405597147285,-0.040165741909031764,-1.6317540537984063e-06,true,,"[-0.06998258829116821,0.001504756510257721,-0.002978309988975525]"
NLU/output/glue/rte_allocator/genetic_budgeted_calibrated/ali_last_seed44_budget0.94/telemetry.jsonl,rank_telemetry.v1,genetic_budgeted_calibrated,44,0,700,720.4121378340005,3,candidate_003,"[""deberta.encoder.layer.3.attention.self.key_proj""]",1,1537,greedy_neighborhood,false,-1.5739351511001587e-05,0.0002917906868783394,-0.0001616346949501713,-1.0240306773585939e-08,true,,"[0.0003966689109802246,-0.00023428350687026978,-0.0002096034586429596]"
NLU/output/glue/rte_allocator/genetic_budgeted_calibrated/ali_last_seed44_budget0.94/telemetry.jsonl,rank_telemetry.v1,genetic_budgeted_calibrated,44,0,700,720.4121378340005,4,candidate_004,"[""deberta.encoder.layer.3.attention.self.key_proj"",""deberta.encoder.layer.5.attention.output.dense"",""deberta.encoder.layer.6.attention.self.key_proj"",""deberta.encoder.layer.9.attention.self.value_proj""]",4,6148,global_ga,false,-0.027006262292464573,0.037680106326025906,-0.04584631545547753,-4.39269067867023e-06,true,,"[-0.08019670844078064,0.002376064658164978,-0.003198143094778061]"
NLU/output/glue/rte_allocator/genetic_budgeted_calibrated/ali_last_seed44_budget0.94/telemetry.jsonl,rank_telemetry.v1,genetic_budgeted_calibrated,44,0,700,720.4121378340005,5,candidate_005,"[""deberta.encoder.layer.7.intermediate.dense""]",1,3841,greedy_neighborhood,false,-0.01982170095046361,0.027052671568719676,-0.03334803673482345,-5.160557394028537e-06,true,,"[-0.05806007981300354,0.0003653578460216522,-0.0017703808844089508]"
NLU/output/glue/rte_allocator/genetic_budgeted_calibrated/ali_last_seed44_budget0.94/telemetry.jsonl,rank_telemetry.v1,genetic_budgeted_calibrated,44,0,700,720.4121378340005,6,candidate_006,[],0,0,zero_rank,true,0.0,0.0,0.0,0.0,true,,"[0.0,0.0,0.0]"
NLU/output/glue/rte_allocator/genetic_budgeted_calibrated/ali_last_seed44_budget0.94/telemetry.jsonl,rank_telemetry.v1,genetic_budgeted_calibrated,44,0,800,827.141472618001,0,candidate_000,"[""deberta.encoder.layer.5.intermediate.dense"",""deberta.encoder.layer.7.attention.self.value_proj"",""deberta.encoder.layer.7.intermediate.dense"",""deberta.encoder.layer.9.attention.self.value_proj"",""deberta.encoder.layer.9.intermediate.dense""]",5,14597,greedy_anchor,false,-0.056152552366256714,0.0752154758337954,-0.09376029028315441,-3.8468556803628635e-06,true,,"[-0.003225073218345642,-0.002709701657295227,-0.16252288222312927]"
NLU/output/glue/rte_allocator/genetic_budgeted_calibrated/ali_last_seed44_budget0.94/telemetry.jsonl,rank_telemetry.v1,genetic_budgeted_calibrated,44,0,800,827.141472618001,1,candidate_001,"[""deberta.encoder.layer.7.intermediate.dense"",""deberta.encoder.layer.9.attention.self.value_proj""]",2,5378,greedy_neighborhood,false,-0.011828601360321045,0.05683868970806451,-0.0402479462143533,-2.1994424247528905e-06,true,,"[0.051314786076545715,-0.0003231614828109741,-0.08647742867469788]"
NLU/output/glue/rte_allocator/genetic_budgeted_calibrated/ali_last_seed44_budget0.94/telemetry.jsonl,rank_telemetry.v1,genetic_budgeted_calibrated,44,0,800,827.141472618001,2,candidate_002,"[""deberta.encoder.layer.0.output.dense"",""deberta.encoder.layer.6.output.dense"",""deberta.encoder.layer.7.output.dense"",""deberta.encoder.layer.9.output.dense"",""deberta.encoder.layer.11.attention.output.dense""]",5,16901,global_ga,false,0.030858467022577923,0.04822496023490877,0.006745986905123538,1.8258367565574772e-06,true,,"[-0.00431765615940094,-0.0021543651819229126,0.09904742240905762]"
NLU/output/glue/rte_allocator/genetic_budgeted_calibrated/ali_last_seed44_budget0.94/telemetry.jsonl,rank_telemetry.v1,genetic_budgeted_calibrated,44,0,800,827.141472618001,3,candidate_003,"[""deberta.encoder.layer.11.attention.output.dense""]",1,1537,greedy_neighborhood,true,0.030800599604845047,0.048035955642473475,0.006782621783608309,2.003942719898832e-05,true,,"[-0.004177287220954895,-0.002144474536180496,0.09872356057167053]"
NLU/output/glue/rte_allocator/genetic_budgeted_calibrated/ali_last_seed44_budget0.94/telemetry.jsonl,rank_telemetry.v1,genetic_budgeted_calibrated,44,0,800,827.141472618001,4,candidate_004,"[""deberta.encoder.layer.4.intermediate.dense"",""deberta.encoder.layer.7.attention.self.value_proj"",""deberta.encoder.layer.7.intermediate.dense"",""deberta.encoder.layer.11.attention.self.value_proj"",""deberta.encoder.layer.11.attention.output.dense""]",5,12293,global_ga,false,0.0014292063812414806,0.02984239059554856,-0.0134919889165328,1.162618060067909e-07,true,,"[-0.03331732749938965,-0.0019426755607128143,0.039547622203826904]"
NLU/output/glue/rte_allocator/genetic_budgeted_calibrated/ali_last_seed44_budget0.94/telemetry.jsonl,rank_telemetry.v1,genetic_budgeted_calibrated,44,0,800,827.141472618001,5,candidate_005,"[""deberta.encoder.layer.7.intermediate.dense""]",1,3841,greedy_neighborhood,false,-0.008949816226959229,0.02051502407942066,-0.019207328266669557,-2.330074518864678e-06,true,,"[0.010588541626930237,-0.00014512240886688232,-0.03729286789894104]"
NLU/output/glue/rte_allocator/genetic_budgeted_calibrated/ali_last_seed44_budget0.94/telemetry.jsonl,rank_telemetry.v1,genetic_budgeted_calibrated,44,0,800,827.141472618001,6,candidate_006,[],0,0,zero_rank,false,0.0,0.0,0.0,0.0,true,,"[0.0,0.0,0.0]"
NLU/output/glue/rte_allocator/genetic_budgeted_calibrated/ali_last_seed44_budget0.94/telemetry.jsonl,rank_telemetry.v1,genetic_budgeted_calibrated,44,0,900,933.029303837,0,candidate_000,"[""deberta.encoder.layer.1.intermediate.dense"",""deberta.encoder.layer.7.attention.self.value_proj"",""deberta.encoder.layer.7.intermediate.dense"",""deberta.encoder.layer.8.intermediate.dense"",""deberta.encoder.layer.9.attention.self.value_proj""]",5,14597,greedy_anchor,false,-0.01047938068707784,0.013384751342578358,-0.01717175635836702,-7.179133169197671e-07,true,,"[-0.0020556673407554626,-1.1041760444641113e-05,-0.029371432960033417]"
NLU/output/glue/rte_allocator/genetic_budgeted_calibrated/ali_last_seed44_budget0.94/telemetry.jsonl,rank_telemetry.v1,genetic_budgeted_calibrated,44,0,900,933.029303837,1,candidate_001,"[""deberta.encoder.layer.7.attention.self.value_proj"",""deberta.encoder.layer.7.intermediate.dense""]",2,5378,greedy_neighborhood,false,3.104408582051595e-05,0.0007137937387511835,-0.0003258527835550758,5.772422056622527e-09,true,,"[-0.0008237175643444061,-6.644055247306824e-06,0.0009234938770532608]"
NLU/output/glue/rte_allocator/genetic_budgeted_calibrated/ali_last_seed44_budget0.94/telemetry.jsonl,rank_telemetry.v1,genetic_budgeted_calibrated,44,0,900,933.029303837,2,candidate_002,"[""deberta.encoder.layer.1.output.dense"",""deberta.encoder.layer.5.output.dense"",""deberta.encoder.layer.9.attention.self.query_proj"",""deberta.encoder.layer.9.output.dense"",""deberta.encoder.layer.10.intermediate.dense""]",5,16901,global_ga,false,-0.00041590631008148193,0.0012775481008900874,-0.0010546803605265256,-2.4608384715784978e-08,true,,"[-0.0021154899150133133,-9.692087769508362e-05,0.0009646918624639511]"
NLU/output/glue/rte_allocator/genetic_budgeted_calibrated/ali_last_seed44_budget0.94/telemetry.jsonl,rank_telemetry.v1,genetic_budgeted_calibrated,44,0,900,933.029303837,3,candidate_003,"[""deberta.encoder.layer.9.attention.self.query_proj""]",1,1537,greedy_neighborhood,false,2.3975347479184467e-05,9.374833660888666e-05,-2.2898820825258864e-05,1.5598794716450533e-08,true,,"[-7.633864879608154e-05,-9.406358003616333e-07,0.00014920532703399658]"
NLU/output/glue/rte_allocator/genetic_budgeted_calibrated/ali_last_seed44_budget0.94/telemetry.jsonl,rank_telemetry.v1,genetic_budgeted_calibrated,44,0,900,933.029303837,4,candidate_004,"[""deberta.encoder.layer.2.attention.self.query_proj"",""deberta.encoder.layer.8.intermediate.dense"",""deberta.encoder.layer.10.output.dense""]",3,9219,global_ga,false,-0.0009566837300856909,0.0008663765667461952,-0.0013898720134587884,-1.0377304806222918e-07,true,,"[-0.0007234718650579453,-3.1597912311553955e-05,-0.0021149814128875732]"
NLU/output/glue/rte_allocator/genetic_budgeted_calibrated/ali_last_seed44_budget0.94/telemetry.jsonl,rank_telemetry.v1,genetic_budgeted_calibrated,44,0,900,933.029303837,5,candidate_005,"[""deberta.encoder.layer.7.attention.self.value_proj""]",1,1537,greedy_neighborhood,false,-1.0153278708457947e-05,8.643809113516623e-05,-5.337232427604106e-05,-6.605906771931e-09,true,,"[9.014829993247986e-05,2.1047890186309814e-07,-0.0001208186149597168]"
NLU/output/glue/rte_allocator/genetic_budgeted_calibrated/ali_last_seed44_budget0.94/telemetry.jsonl,rank_telemetry.v1,genetic_budgeted_calibrated,44,0,900,933.029303837,6,candidate_006,[],0,0,zero_rank,true,0.0,0.0,0.0,0.0,true,,"[0.0,0.0,0.0]"
NLU/output/glue/rte_allocator/genetic_budgeted_calibrated/ali_last_seed44_budget0.94/telemetry.jsonl,rank_telemetry.v1,genetic_budgeted_calibrated,44,0,1000,1042.0252373740004,0,candidate_000,"[""deberta.encoder.layer.7.attention.self.value_proj"",""deberta.encoder.layer.7.intermediate.dense"",""deberta.encoder.layer.8.intermediate.dense"",""deberta.encoder.layer.9.attention.self.value_proj"",""deberta.encoder.layer.9.intermediate.dense""]",5,14597,greedy_anchor,false,-0.001532317449649175,0.002983432039640507,-0.0030240334694694284,-1.0497482014449373e-07,true,,"[-0.005660613998770714,-0.0002226065844297409,0.0012862682342529297]"
NLU/output/glue/rte_allocator/genetic_budgeted_calibrated/ali_last_seed44_budget0.94/telemetry.jsonl,rank_telemetry.v1,genetic_budgeted_calibrated,44,0,1000,1042.0252373740004,1,candidate_001,"[""deberta.encoder.layer.9.attention.self.value_proj""]",1,1537,greedy_neighborhood,false,-0.0005158601949612299,0.0010003435826031115,-0.0010160319862627856,-3.3562797329943393e-07,true,,"[0.00036576204001903534,1.4975666999816895e-06,-0.001914840191602707]"
NLU/output/glue/rte_allocator/genetic_budgeted_calibrated/ali_last_seed44_budget0.94/telemetry.jsonl,rank_telemetry.v1,genetic_budgeted_calibrated,44,0,1000,1042.0252373740004,2,candidate_002,"[""deberta.encoder.layer.2.output.dense"",""deberta.encoder.layer.6.output.dense"",""deberta.encoder.layer.7.output.dense"",""deberta.encoder.layer.8.intermediate.dense"",""deberta.encoder.layer.9.output.dense""]",5,19205,global_ga,false,-0.001527899255355199,0.0019890331266245,-0.002522415818667449,-7.955736815179376e-08,true,,"[-0.00025011971592903137,3.427267074584961e-06,-0.004337005317211151]"
NLU/output/glue/rte_allocator/genetic_budgeted_calibrated/ali_last_seed44_budget0.94/telemetry.jsonl,rank_telemetry.v1,genetic_budgeted_calibrated,44,0,1000,1042.0252373740004,3,candidate_003,"[""deberta.encoder.layer.6.attention.self.value_proj""]",1,1537,greedy_neighborhood,false,-0.00020629043380419412,0.0004504555041360973,-0.00043151818587224277,-1.3421628744579968e-07,true,,"[0.00021865777671337128,-7.754191756248474e-06,-0.0008297748863697052]"
NLU/output/glue/rte_allocator/genetic_budgeted_calibrated/ali_last_seed44_budget0.94/telemetry.jsonl,rank_telemetry.v1,genetic_budgeted_calibrated,44,0,1000,1042.0252373740004,4,candidate_004,"[""deberta.encoder.layer.3.attention.self.query_proj"",""deberta.encoder.layer.6.attention.self.value_proj"",""deberta.encoder.layer.8.intermediate.dense""]",3,6915,global_ga,false,-0.0017474548270304997,0.002663775973236221,-0.00307934281364861,-2.5270496414034705e-07,true,,"[0.0002700984477996826,-1.1157244443893433e-06,-0.005511347204446793]"
NLU/output/glue/rte_allocator/genetic_budgeted_calibrated/ali_last_seed44_budget0.94/telemetry.jsonl,rank_telemetry.v1,genetic_budgeted_calibrated,44,0,1000,1042.0252373740004,5,candidate_005,"[""deberta.encoder.layer.7.intermediate.dense""]",1,3841,greedy_neighborhood,false,0.0007423075536886851,0.001779221086409652,-0.000147302989516141,1.9325893092649963e-07,true,,"[-0.0009347368031740189,-4.369579255580902e-05,0.003205355256795883]"
NLU/output/glue/rte_allocator/genetic_budgeted_calibrated/ali_last_seed44_budget0.94/telemetry.jsonl,rank_telemetry.v1,genetic_budgeted_calibrated,44,0,1000,1042.0252373740004,6,candidate_006,[],0,0,zero_rank,true,0.0,0.0,0.0,0.0,true,,"[0.0,0.0,0.0]"
NLU/output/glue/rte_allocator/genetic_budgeted_calibrated/ali_last_seed45_budget0.94/telemetry.jsonl,rank_telemetry.v1,genetic_budgeted_calibrated,45,0,200,188.10222297900145,0,candidate_000,"[""deberta.encoder.layer.4.intermediate.dense"",""deberta.encoder.layer.7.output.dense"",""deberta.encoder.layer.9.intermediate.dense"",""deberta.encoder.layer.10.attention.output.dense"",""deberta.encoder.layer.11.attention.output.dense""]",5,14597,greedy_anchor,false,-0.10660886764526367,0.05094686438796578,-0.13208229983924658,-7.3034779506243525e-06,true,,"[-0.12308615446090698,-0.03762692213058472,-0.15911352634429932]"
NLU/output/glue/rte_allocator/genetic_budgeted_calibrated/ali_last_seed45_budget0.94/telemetry.jsonl,rank_telemetry.v1,genetic_budgeted_calibrated,45,0,200,188.10222297900145,1,candidate_001,"[""deberta.encoder.layer.6.attention.self.value_proj"",""deberta.encoder.layer.9.intermediate.dense""]",2,5378,greedy_neighborhood,false,0.0024028619130452475,0.03091396365484086,-0.013054119914375183,4.467947030578742e-07,true,,"[-0.007321283221244812,0.04417821764945984,-0.029648348689079285]"
NLU/output/glue/rte_allocator/genetic_budgeted_calibrated/ali_last_seed45_budget0.94/telemetry.jsonl,rank_telemetry.v1,genetic_budgeted_calibrated,45,0,200,188.10222297900145,2,candidate_002,"[""deberta.encoder.layer.0.attention.output.dense"",""deberta.encoder.layer.6.output.dense"",""deberta.encoder.layer.9.output.dense"",""deberta.encoder.layer.10.attention.self.value_proj"",""deberta.encoder.layer.11.intermediate.dense""]",5,14597,global_ga,false,4.582107067108154e-05,0.0003119703067183809,-0.00011016408268810891,3.139074513330242e-09,true,,"[-0.00021120905876159668,0.00048488378524780273,-0.00013621151447296143]"
NLU/output/glue/rte_allocator/genetic_budgeted_calibrated/ali_last_seed45_budget0.94/telemetry.jsonl,rank_telemetry.v1,genetic_budgeted_calibrated,45,0,200,188.10222297900145,3,candidate_003,"[""deberta.encoder.layer.10.attention.self.value_proj""]",1,1537,greedy_neighborhood,false,-0.00044525663057963055,0.00017757179770397106,-0.000534042529431616,-2.896920172931884e-07,true,,"[-0.0005812644958496094,-0.000560075044631958,-0.00019443035125732422]"
NLU/output/glue/rte_allocator/genetic_budgeted_calibrated/ali_last_seed45_budget0.94/telemetry.jsonl,rank_telemetry.v1,genetic_budgeted_calibrated,45,0,200,188.10222297900145,4,candidate_004,"[""deberta.encoder.layer.0.attention.output.dense"",""deberta.encoder.layer.6.attention.self.value_proj"",""deberta.encoder.layer.10.attention.self.value_proj""]",3,4611,global_ga,true,0.0006223022937774658,0.0010984556367299838,7.307447541247394e-05,1.3496037600899282e-07,true,,"[-0.0008070170879364014,0.001863926649093628,0.0008099973201751709]"
NLU/output/glue/rte_allocator/genetic_budgeted_calibrated/ali_last_seed45_budget0.94/telemetry.jsonl,rank_telemetry.v1,genetic_budgeted_calibrated,45,0,200,188.10222297900145,5,candidate_005,"[""deberta.encoder.layer.9.intermediate.dense""]",1,3841,greedy_neighborhood,false,0.002166007955869039,0.029884916760432246,-0.012776450424347083,5.639177182684298e-07,true,,"[-0.0062358081340789795,0.042237788438797,-0.0295039564371109]"
NLU/output/glue/rte_allocator/genetic_budgeted_calibrated/ali_last_seed45_budget0.94/telemetry.jsonl,rank_telemetry.v1,genetic_budgeted_calibrated,45,0,200,188.10222297900145,6,candidate_006,[],0,0,zero_rank,false,0.0,0.0,0.0,0.0,true,,"[0.0,0.0,0.0]"
NLU/output/glue/rte_allocator/genetic_budgeted_calibrated/ali_last_seed45_budget0.94/telemetry.jsonl,rank_telemetry.v1,genetic_budgeted_calibrated,45,0,300,289.5511727050016,0,candidate_000,"[""deberta.encoder.layer.2.intermediate.dense"",""deberta.encoder.layer.3.intermediate.dense"",""deberta.encoder.layer.4.intermediate.dense"",""deberta.encoder.layer.7.intermediate.dense"",""deberta.encoder.layer.9.intermediate.dense""]",5,19205,greedy_anchor,false,-0.011792403956254324,0.034131032752904564,-0.028857920332706608,-6.140278029812197e-07,true,,"[-0.03886966407299042,0.03635124862194061,-0.032858796417713165]"
NLU/output/glue/rte_allocator/genetic_budgeted_calibrated/ali_last_seed45_budget0.94/telemetry.jsonl,rank_telemetry.v1,genetic_budgeted_calibrated,45,0,300,289.5511727050016,1,candidate_001,"[""deberta.encoder.layer.3.intermediate.dense"",""deberta.encoder.layer.9.intermediate.dense""]",2,7682,greedy_neighborhood,false,-0.0038935616612434387,0.026413134472152256,-0.017100128897319565,-5.068421844888621e-07,true,,"[-0.01946195960044861,0.033296406269073486,-0.025515131652355194]"
NLU/output/glue/rte_allocator/genetic_budgeted_calibrated/ali_last_seed45_budget0.94/telemetry.jsonl,rank_telemetry.v1,genetic_budgeted_calibrated,45,0,300,289.5511727050016,2,candidate_002,"[""deberta.encoder.layer.0.attention.output.dense"",""deberta.encoder.layer.0.output.dense"",""deberta.encoder.layer.7.attention.self.key_proj"",""deberta.encoder.layer.8.attention.self.key_proj"",""deberta.encoder.layer.11.intermediate.dense""]",5,12293,global_ga,false,-0.0013829544186592102,0.0014698610093200656,-0.002117884923319243,-1.124993426062971e-07,true,,"[-0.0012786462903022766,-0.0032330453395843506,0.0003628283739089966]"
NLU/output/glue/rte_allocator/genetic_budgeted_calibrated/ali_last_seed45_budget0.94/telemetry.jsonl,rank_telemetry.v1,genetic_budgeted_calibrated,45,0,300,289.5511727050016,3,candidate_003,"[""deberta.encoder.layer.7.attention.self.key_proj""]",1,1537,greedy_neighborhood,false,-0.0007525930802027384,0.0005914375319055068,-0.0010483118461554917,-4.896506702685351e-07,true,,"[-0.0010874345898628235,-0.0012489557266235352,7.861107587814331e-05]"
NLU/output/glue/rte_allocator/genetic_budgeted_calibrated/ali_last_seed45_budget0.94/telemetry.jsonl,rank_telemetry.v1,genetic_budgeted_calibrated,45,0,300,289.5511727050016,4,candidate_004,"[""deberta.encoder.layer.3.attention.self.query_proj"",""deberta.encoder.layer.4.intermediate.dense"",""deberta.encoder.layer.7.intermediate.dense"",""deberta.encoder.layer.8.attention.self.query_proj"",""deberta.encoder.layer.10.attention.self.value_proj""]",5,12293,global_ga,false,-0.007088646292686462,0.005766521663044087,-0.009971907124208507,-5.766408763268903e-07,true,,"[-0.014163829386234283,-3.886222839355469e-05,-0.007063247263431549]"
NLU/output/glue/rte_allocator/genetic_budgeted_calibrated/ali_last_seed45_budget0.94/telemetry.jsonl,rank_telemetry.v1,genetic_budgeted_calibrated,45,0,300,289.5511727050016,5,candidate_005,"[""deberta.encoder.layer.4.intermediate.dense"",""deberta.encoder.layer.9.intermediate.dense""]",2,7682,greedy_neighborhood,false,-0.01686925192674001,0.013871149804347546,-0.023804826828913783,-2.1959453172012508e-06,true,,"[-0.026280656456947327,0.0027422308921813965,-0.0270693302154541]"
NLU/output/glue/rte_allocator/genetic_budgeted_calibrated/ali_last_seed45_budget0.94/telemetry.jsonl,rank_telemetry.v1,genetic_budgeted_calibrated,45,0,300,289.5511727050016,6,candidate_006,[],0,0,zero_rank,true,0.0,0.0,0.0,0.0,true,,"[0.0,0.0,0.0]"
NLU/output/glue/rte_allocator/genetic_budgeted_calibrated/ali_last_seed45_budget0.94/telemetry.jsonl,rank_telemetry.v1,genetic_budgeted_calibrated,45,0,400,395.01399262500126,0,candidate_000,"[""deberta.encoder.layer.2.intermediate.dense"",""deberta.encoder.layer.3.intermediate.dense"",""deberta.encoder.layer.4.intermediate.dense"",""deberta.encoder.layer.7.intermediate.dense"",""deberta.encoder.layer.9.intermediate.dense""]",5,19205,greedy_anchor,false,-0.0024037261803944907,0.022816903777736444,-0.013812178069262713,-1.2516147776071288e-07,true,,"[-0.025354858487844467,0.028714925050735474,-0.010571245104074478]"
NLU/output/glue/rte_allocator/genetic_budgeted_calibrated/ali_last_seed45_budget0.94/telemetry.jsonl,rank_telemetry.v1,genetic_budgeted_calibrated,45,0,400,395.01399262500126,1,candidate_001,"[""deberta.encoder.layer.4.intermediate.dense"",""deberta.encoder.layer.7.intermediate.dense""]",2,7682,greedy_neighborhood,false,-0.007062288622061412,0.0056384005024049545,-0.009881488873263889,-9.193294222938573e-07,true,,"[-0.005422618240118027,-0.01464015245437622,-0.0011240951716899872]"
NLU/output/glue/rte_allocator/genetic_budgeted_calibrated/ali_last_seed45_budget0.94/telemetry.jsonl,rank_telemetry.v1,genetic_budgeted_calibrated,45,0,400,395.01399262500126,2,candidate_002,"[""deberta.encoder.layer.0.attention.output.dense"",""deberta.encoder.layer.4.attention.output.dense"",""deberta.encoder.layer.8.output.dense"",""deberta.encoder.layer.9.attention.self.query_proj"",""deberta.encoder.layer.10.attention.self.value_proj""]",5,9989,global_ga,false,0.0026593332489331565,0.004229816741137619,0.0005444248783643469,2.6622617368436843e-07,true,,"[-0.00045888498425483704,0.008639365434646606,-0.00020248070359230042]"
NLU/output/glue/rte_allocator/genetic_budgeted_calibrated/ali_last_seed45_budget0.94/telemetry.jsonl,rank_telemetry.v1,genetic_budgeted_calibrated,45,0,400,395.01399262500126,3,candidate_003,"[""deberta.encoder.layer.0.attention.output.dense""]",1,1537,greedy_neighborhood,false,0.0002153739333152771,0.0004266715257625521,2.0381704340010558e-06,1.401261765226266e-07,true,,"[-0.0001504756510257721,0.0008138567209243774,-1.7259269952774048e-05]"
NLU/output/glue/rte_allocator/genetic_budgeted_calibrated/ali_last_seed45_budget0.94/telemetry.jsonl,rank_telemetry.v1,genetic_budgeted_calibrated,45,0,400,395.01399262500126,4,candidate_004,"[""deberta.encoder.layer.3.intermediate.dense"",""deberta.encoder.layer.5.attention.self.value_proj"",""deberta.encoder.layer.7.intermediate.dense""]",3,9219,global_ga,true,0.014609057456254959,0.023333700696306244,0.002942207108101837,1.584668343231908e-06,true,,"[-0.0020277053117752075,0.04760751128196716,-0.0017526336014270782]"
NLU/output/glue/rte_allocator/genetic_budgeted_calibrated/ali_last_seed45_budget0.94/telemetry.jsonl,rank_telemetry.v1,genetic_budgeted_calibrated,45,0,400,395.01399262500126,5,candidate_005,"[""deberta.encoder.layer.4.intermediate.dense"",""deberta.encoder.layer.9.intermediate.dense""]",2,7682,greedy_neighborhood,false,-0.0064633140961329145,0.010861634045584077,-0.011894131118924952,-8.413582525557036e-07,true,,"[-0.019608359783887863,0.006991684436798096,-0.006773266941308975]"
NLU/output/glue/rte_allocator/genetic_budgeted_calibrated/ali_last_seed45_budget0.94/telemetry.jsonl,rank_telemetry.v1,genetic_budgeted_calibrated,45,0,400,395.01399262500126,6,candidate_006,[],0,0,zero_rank,false,0.0,0.0,0.0,0.0,true,,"[0.0,0.0,0.0]"
NLU/output/glue/rte_allocator/genetic_budgeted_calibrated/ali_last_seed45_budget0.94/telemetry.jsonl,rank_telemetry.v1,genetic_budgeted_calibrated,45,0,500,499.6125078010009,0,candidate_000,"[""deberta.encoder.layer.2.intermediate.dense"",""deberta.encoder.layer.4.intermediate.dense"",""deberta.encoder.layer.7.attention.self.value_proj"",""deberta.encoder.layer.9.attention.self.value_proj"",""deberta.encoder.layer.9.intermediate.dense""]",5,14597,greedy_anchor,false,-0.0022564282019933066,0.0031377234585399935,-0.0038252899312633034,-1.5458164019958255e-07,true,,"[-0.004532765597105026,0.0021804794669151306,-0.004416998475790024]"
NLU/output/glue/rte_allocator/genetic_budgeted_calibrated/ali_last_seed45_budget0.94/telemetry.jsonl,rank_telemetry.v1,genetic_budgeted_calibrated,45,0,500,499.6125078010009,1,candidate_001,"[""deberta.encoder.layer.2.intermediate.dense"",""deberta.encoder.layer.9.intermediate.dense""]",2,7682,greedy_neighborhood,false,-0.01645261545976003,0.019852565249075606,-0.02637889808429783,-2.1417099010361924e-06,true,,"[-0.0025934167206287384,-0.044527627527713776,-0.0022368021309375763]"
NLU/output/glue/rte_allocator/genetic_budgeted_calibrated/ali_last_seed45_budget0.94/telemetry.jsonl,rank_telemetry.v1,genetic_budgeted_calibrated,45,0,500,499.6125078010009,2,candidate_002,"[""deberta.encoder.layer.0.attention.output.dense"",""deberta.encoder.layer.5.attention.self.query_proj"",""deberta.encoder.layer.6.attention.self.value_proj"",""deberta.encoder.layer.6.output.dense"",""deberta.encoder.layer.7.attention.self.value_proj""]",5,9989,global_ga,false,-0.0014082863926887512,0.002036188959702326,-0.002426380872539914,-1.4098372136237373e-07,true,,"[7.151439785957336e-05,-0.004287518560886383,-8.85501503944397e-06]"
NLU/output/glue/rte_allocator/genetic_budgeted_calibrated/ali_last_seed45_budget0.94/telemetry.jsonl,rank_telemetry.v1,genetic_budgeted_calibrated,45,0,500,499.6125078010009,3,candidate_003,"[""deberta.encoder.layer.6.attention.self.value_proj""]",1,1537,greedy_neighborhood,true,0.0005997394522031149,0.0007290798377692607,0.0002351995333184845,3.9020133520046513e-07,true,,"[0.00014678388833999634,0.001628376543521881,2.405792474746704e-05]"
NLU/output/glue/rte_allocator/genetic_budgeted_calibrated/ali_last_seed45_budget0.94/telemetry.jsonl,rank_telemetry.v1,genetic_budgeted_calibrated,45,0,500,499.6125078010009,4,candidate_004,"[""deberta.encoder.layer.4.intermediate.dense"",""deberta.encoder.layer.6.attention.self.value_proj"",""deberta.encoder.layer.6.attention.output.dense"",""deberta.encoder.layer.9.attention.self.value_proj""]",4,8452,global_ga,false,-0.001725939412911733,0.0019110904865593322,-0.002681484656191399,-2.0420485245051264e-07,true,,"[-0.0005697533488273621,-0.00441964715719223,-0.0001884177327156067]"
NLU/output/glue/rte_allocator/genetic_budgeted_calibrated/ali_last_seed45_budget0.94/telemetry.jsonl,rank_telemetry.v1,genetic_budgeted_calibrated,45,0,500,499.6125078010009,5,candidate_005,"[""deberta.encoder.layer.9.intermediate.dense""]",1,3841,greedy_neighborhood,false,-0.02291179324189822,0.029762687193497322,-0.03779313683864688,-5.965059422519713e-06,true,,"[-0.0023604147136211395,-0.06499875336885452,-0.0013762116432189941]"
NLU/output/glue/rte_allocator/genetic_budgeted_calibrated/ali_last_seed45_budget0.94/telemetry.jsonl,rank_telemetry.v1,genetic_budgeted_calibrated,45,0,500,499.6125078010009,6,candidate_006,[],0,0,zero_rank,false,0.0,0.0,0.0,0.0,true,,"[0.0,0.0,0.0]"
NLU/output/glue/rte_allocator/genetic_budgeted_calibrated/ali_last_seed45_budget0.94/telemetry.jsonl,rank_telemetry.v1,genetic_budgeted_calibrated,45,0,600,600.2692247520008,0,candidate_000,"[""deberta.encoder.layer.1.intermediate.dense"",""deberta.encoder.layer.2.intermediate.dense"",""deberta.encoder.layer.4.intermediate.dense"",""deberta.encoder.layer.9.attention.self.value_proj"",""deberta.encoder.layer.9.intermediate.dense""]",5,16901,greedy_anchor,true,0.022703908383846283,0.03452554756328374,0.005441134602204412,1.343347043597792e-06,true,,"[-0.0020217038691043854,0.07152906805276871,-0.001395639032125473]"
NLU/output/glue/rte_allocator/genetic_budgeted_calibrated/ali_last_seed45_budget0.94/telemetry.jsonl,rank_telemetry.v1,genetic_budgeted_calibrated,45,0,600,600.2692247520008,1,candidate_001,"[""deberta.encoder.layer.2.intermediate.dense"",""deberta.encoder.layer.9.intermediate.dense""]",2,7682,greedy_neighborhood,false,0.008645761758089066,0.013273715183995269,0.002008904166091431,1.1254571411206803e-06,true,,"[-0.001132965087890625,0.02741207182407379,-0.00034182146191596985]"
NLU/output/glue/rte_allocator/genetic_budgeted_calibrated/ali_last_seed45_budget0.94/telemetry.jsonl,rank_telemetry.v1,genetic_budgeted_calibrated,45,0,600,600.2692247520008,2,candidate_002,"[""deberta.encoder.layer.3.output.dense"",""deberta.encoder.layer.5.output.dense"",""deberta.encoder.layer.6.attention.self.query_proj"",""deberta.encoder.layer.7.attention.output.dense"",""deberta.encoder.layer.9.output.dense""]",5,14597,global_ga,false,0.0026764683425426483,0.003935194403396416,0.0007088711408444405,1.8335742567257987e-07,true,,"[-0.00019512325525283813,0.0082407146692276,-1.6186386346817017e-05]"
NLU/output/glue/rte_allocator/genetic_budgeted_calibrated/ali_last_seed45_budget0.94/telemetry.jsonl,rank_telemetry.v1,genetic_budgeted_calibrated,45,0,600,600.2692247520008,3,candidate_003,"[""deberta.encoder.layer.6.attention.self.query_proj""]",1,1537,greedy_neighborhood,false,-0.0014566108584403992,0.002003623634234682,-0.00245842267555774,-9.476973704882233e-07,true,,"[-5.3495168685913086e-05,-0.0042901188135147095,-2.621859312057495e-05]"
NLU/output/glue/rte_allocator/genetic_budgeted_calibrated/ali_last_seed45_budget0.94/telemetry.jsonl,rank_telemetry.v1,genetic_budgeted_calibrated,45,0,600,600.2692247520008,4,candidate_004,"[""deberta.encoder.layer.0.attention.output.dense"",""deberta.encoder.layer.7.attention.self.value_proj"",""deberta.encoder.layer.9.attention.self.value_proj""]",3,4611,global_ga,false,0.018470096091429394,0.02620685576416437,0.0053666682093472095,4.005659529696246e-06,true,,"[5.9518963098526e-05,0.055531926453113556,-0.00018115714192390442]"
NLU/output/glue/rte_allocator/genetic_budgeted_calibrated/ali_last_seed45_budget0.94/telemetry.jsonl,rank_telemetry.v1,genetic_budgeted_calibrated,45,0,600,600.2692247520008,5,candidate_005,"[""deberta.encoder.layer.2.intermediate.dense""]",1,3841,greedy_neighborhood,false,-0.0007750901083151499,0.0010599668853913057,-0.0013050735510108029,-2.0179383189668052e-07,true,,"[-8.236244320869446e-05,-0.0022727102041244507,2.9802322387695312e-05]"
NLU/output/glue/rte_allocator/genetic_budgeted_calibrated/ali_last_seed45_budget0.94/telemetry.jsonl,rank_telemetry.v1,genetic_budgeted_calibrated,45,0,600,600.2692247520008,6,candidate_006,[],0,0,zero_rank,false,0.0,0.0,0.0,0.0,true,,"[0.0,0.0,0.0]"
NLU/output/glue/rte_allocator/genetic_budgeted_calibrated/ali_last_seed45_budget0.94/telemetry.jsonl,rank_telemetry.v1,genetic_budgeted_calibrated,45,0,700,707.6009577600016,0,candidate_000,"[""deberta.encoder.layer.4.intermediate.dense"",""deberta.encoder.layer.6.intermediate.dense"",""deberta.encoder.layer.7.attention.self.value_proj"",""deberta.encoder.layer.7.attention.output.dense"",""deberta.encoder.layer.7.intermediate.dense""]",5,14597,greedy_anchor,true,0.01449355607231458,0.023213050316860516,0.002887030913884323,9.929133433112682e-07,true,,"[0.04729577898979187,-0.0007765442132949829,-0.0030385665595531464]"
NLU/output/glue/rte_allocator/genetic_budgeted_calibrated/ali_last_seed45_budget0.94/telemetry.jsonl,rank_telemetry.v1,genetic_budgeted_calibrated,45,0,700,707.6009577600016,1,candidate_001,"[""deberta.encoder.layer.4.intermediate.dense"",""deberta.encoder.layer.7.attention.self.value_proj""]",2,5378,greedy_neighborhood,false,0.0030751178661982217,0.004914742372777368,0.0006177466798095378,5.717958100033882e-07,true,,"[0.010020427405834198,-0.0001650601625442505,-0.000630013644695282]"
NLU/output/glue/rte_allocator/genetic_budgeted_calibrated/ali_last_seed45_budget0.94/telemetry.jsonl,rank_telemetry.v1,genetic_budgeted_calibrated,45,0,700,707.6009577600016,2,candidate_002,"[""deberta.encoder.layer.0.output.dense"",""deberta.encoder.layer.1.output.dense"",""deberta.encoder.layer.2.attention.self.value_proj"",""deberta.encoder.layer.3.attention.output.dense"",""deberta.encoder.layer.9.output.dense""]",5,14597,global_ga,false,0.007564616700013478,0.010754043397359882,0.002187595001333537,5.182309173126998e-07,true,,"[0.022773124277591705,-5.1762908697128296e-05,-2.7511268854141235e-05]"
NLU/output/glue/rte_allocator/genetic_budgeted_calibrated/ali_last_seed45_budget0.94/telemetry.jsonl,rank_telemetry.v1,genetic_budgeted_calibrated,45,0,700,707.6009577600016,3,candidate_003,"[""deberta.encoder.layer.3.attention.output.dense""]",1,1537,greedy_neighborhood,false,-0.0029570224384466806,0.0041562291422041564,-0.005035137009548759,-1.9238922826588685e-06,true,,"[-0.008834809064865112,-9.2238187789917e-06,-2.703443169593811e-05]"
NLU/output/glue/rte_allocator/genetic_budgeted_calibrated/ali_last_seed45_budget0.94/telemetry.jsonl,rank_telemetry.v1,genetic_budgeted_calibrated,45,0,700,707.6009577600016,4,candidate_004,"[""deberta.encoder.layer.2.attention.self.value_proj"",""deberta.encoder.layer.3.attention.output.dense"",""deberta.encoder.layer.7.attention.self.value_proj"",""deberta.encoder.layer.7.attention.output.dense"",""deberta.encoder.layer.8.attention.output.dense""]",5,7685,global_ga,false,-0.003633183737595876,0.005002651704615643,-0.006134509589903698,-4.727630107476742e-07,true,,"[-0.010707974433898926,-7.880106568336487e-05,-0.00011277571320533752]"
NLU/output/glue/rte_allocator/genetic_budgeted_calibrated/ali_last_seed45_budget0.94/telemetry.jsonl,rank_telemetry.v1,genetic_budgeted_calibrated,45,0,700,707.6009577600016,5,candidate_005,"[""deberta.encoder.layer.7.attention.self.value_proj""]",1,1537,greedy_neighborhood,false,0.00115437184770902,0.0018149064486446505,0.00024691862338669464,7.510552034541444e-07,true,,"[0.003718852996826172,-3.618746995925903e-05,-0.0002195499837398529]"
NLU/output/glue/rte_allocator/genetic_budgeted_calibrated/ali_last_seed45_budget0.94/telemetry.jsonl,rank_telemetry.v1,genetic_budgeted_calibrated,45,0,700,707.6009577600016,6,candidate_006,[],0,0,zero_rank,false,0.0,0.0,0.0,0.0,true,,"[0.0,0.0,0.0]"
NLU/output/glue/rte_allocator/genetic_budgeted_calibrated/ali_last_seed45_budget0.94/telemetry.jsonl,rank_telemetry.v1,genetic_budgeted_calibrated,45,0,800,810.025978904001,0,candidate_000,"[""deberta.encoder.layer.3.attention.output.dense"",""deberta.encoder.layer.3.intermediate.dense"",""deberta.encoder.layer.5.intermediate.dense"",""deberta.encoder.layer.8.attention.self.query_proj"",""deberta.encoder.layer.9.attention.self.query_proj""]",5,12293,greedy_anchor,false,-0.006003189831972122,0.008682570373200995,-0.01034447501857262,-4.8834213226813e-07,true,,"[-0.018279433250427246,0.0003606043756008148,-9.07406210899353e-05]"
NLU/output/glue/rte_allocator/genetic_budgeted_calibrated/ali_last_seed45_budget0.94/telemetry.jsonl,rank_telemetry.v1,genetic_budgeted_calibrated,45,0,800,810.025978904001,1,candidate_001,"[""deberta.encoder.layer.3.attention.output.dense"",""deberta.encoder.layer.8.attention.self.query_proj""]",2,3074,greedy_neighborhood,false,0.0013939719647169113,0.001983935943927854,0.00040200399275298437,4.534716866352997e-07,true,,"[0.00419926643371582,-5.044788122177124e-05,3.3097341656684875e-05]"
NLU/output/glue/rte_allocator/genetic_budgeted_calibrated/ali_last_seed45_budget0.94/telemetry.jsonl,rank_telemetry.v1,genetic_budgeted_calibrated,45,0,800,810.025978904001,2,candidate_002,"[""deberta.encoder.layer.3.output.dense"",""deberta.encoder.layer.4.attention.self.value_proj"",""deberta.encoder.layer.5.attention.self.value_proj"",""deberta.encoder.layer.6.output.dense"",""deberta.encoder.layer.7.attention.output.dense""]",5,12293,global_ga,false,0.002224950740734736,0.003036430563181071,0.0007067354591442005,1.809933084466555e-07,true,,"[0.006518661975860596,0.00013193488121032715,2.4255365133285522e-05]"
NLU/output/glue/rte_allocator/genetic_budgeted_calibrated/ali_last_seed45_budget0.94/telemetry.jsonl,rank_telemetry.v1,genetic_budgeted_calibrated,45,0,800,810.025978904001,3,candidate_003,"[""deberta.encoder.layer.5.attention.self.value_proj""]",1,1537,greedy_neighborhood,false,0.000894190122683843,0.00126438931590892,0.000261995464729383,5.817762671983363e-07,true,,"[0.002682305872440338,1.5683472156524658e-06,-1.30385160446167e-06]"
NLU/output/glue/rte_allocator/genetic_budgeted_calibrated/ali_last_seed45_budget0.94/telemetry.jsonl,rank_telemetry.v1,genetic_budgeted_calibrated,45,0,800,810.025978904001,4,candidate_004,"[""deberta.encoder.layer.3.attention.output.dense"",""deberta.encoder.layer.7.attention.output.dense"",""deberta.encoder.layer.8.intermediate.dense"",""deberta.encoder.layer.9.attention.self.query_proj""]",4,8452,global_ga,true,0.004337893178065618,0.005896544447249949,0.001389620954440643,5.132386628094673e-07,true,,"[0.012673184275627136,0.0003848318010568619,-4.433654248714447e-05]"
NLU/output/glue/rte_allocator/genetic_budgeted_calibrated/ali_last_seed45_budget0.94/telemetry.jsonl,rank_telemetry.v1,genetic_budgeted_calibrated,45,0,800,810.025978904001,5,candidate_005,"[""deberta.encoder.layer.5.intermediate.dense"",""deberta.encoder.layer.8.attention.self.query_proj""]",2,5378,greedy_neighborhood,false,-0.007372497270504634,0.01028861927825288,-0.012516806909631074,-1.3708622667357074e-06,true,,"[-0.021922193467617035,-0.00021291151642799377,1.761317253112793e-05]"
NLU/output/glue/rte_allocator/genetic_budgeted_calibrated/ali_last_seed45_budget0.94/telemetry.jsonl,rank_telemetry.v1,genetic_budgeted_calibrated,45,0,800,810.025978904001,6,candidate_006,[],0,0,zero_rank,false,0.0,0.0,0.0,0.0,true,,"[0.0,0.0,0.0]"
NLU/output/glue/rte_allocator/genetic_budgeted_calibrated/ali_last_seed45_budget0.94/telemetry.jsonl,rank_telemetry.v1,genetic_budgeted_calibrated,45,0,900,914.5153490190005,0,candidate_000,"[""deberta.encoder.layer.5.intermediate.dense"",""deberta.encoder.layer.7.attention.self.value_proj"",""deberta.encoder.layer.7.intermediate.dense"",""deberta.encoder.layer.8.attention.self.query_proj"",""deberta.encoder.layer.9.intermediate.dense""]",5,14597,greedy_anchor,false,-9.340047836303711e-05,5.643192498894346e-05,-0.00012161644085750885,-6.398607820993156e-09,true,,"[-0.00010701827704906464,-1.849047839641571e-05,-0.00015469267964363098]"
NLU/output/glue/rte_allocator/genetic_budgeted_calibrated/ali_last_seed45_budget0.94/telemetry.jsonl,rank_telemetry.v1,genetic_budgeted_calibrated,45,0,900,914.5153490190005,1,candidate_001,"[""deberta.encoder.layer.7.attention.self.value_proj""]",1,1537,greedy_neighborhood,true,7.0463865995407104e-06,1.1558925182619425e-05,1.2669240082309981e-06,4.584506570943858e-09,true,,"[5.686655640602112e-06,2.183392643928528e-05,-6.381422281265259e-06]"
NLU/output/glue/rte_allocator/genetic_budgeted_calibrated/ali_last_seed45_budget0.94/telemetry.jsonl,rank_telemetry.v1,genetic_budgeted_calibrated,45,0,900,914.5153490190005,2,candidate_002,"[""deberta.encoder.layer.2.attention.self.key_proj"",""deberta.encoder.layer.3.attention.output.dense"",""deberta.encoder.layer.3.output.dense"",""deberta.encoder.layer.4.output.dense"",""deberta.encoder.layer.9.attention.self.query_proj""]",5,12293,global_ga,false,-3.149112065633138e-06,1.1130831753820803e-06,-3.7056536533241784e-06,-2.561711596545301e-10,true,,"[-1.6298145055770874e-06,-4.265457391738892e-06,-3.552064299583435e-06]"
NLU/output/glue/rte_allocator/genetic_budgeted_calibrated/ali_last_seed45_budget0.94/telemetry.jsonl,rank_telemetry.v1,genetic_budgeted_calibrated,45,0,900,914.5153490190005,3,candidate_003,"[""deberta.encoder.layer.9.attention.self.query_proj""]",1,1537,greedy_neighborhood,false,8.717179298400879e-07,4.057613600257052e-06,-1.157088870288438e-06,5.671554520755288e-10,true,,"[-1.7173588275909424e-06,6.601214408874512e-06,-2.2687017917633057e-06]"
NLU/output/glue/rte_allocator/genetic_budgeted_calibrated/ali_last_seed45_budget0.94/telemetry.jsonl,rank_telemetry.v1,genetic_budgeted_calibrated,45,0,900,914.5153490190005,4,candidate_004,"[""deberta.encoder.layer.4.attention.self.query_proj"",""deberta.encoder.layer.7.intermediate.dense"",""deberta.encoder.layer.8.attention.self.query_proj"",""deberta.encoder.layer.9.attention.self.query_proj""]",4,8452,global_ga,false,-1.6288210948308308e-05,8.27539013509158e-06,-2.04259060158541e-05,-1.927142800320434e-09,true,,"[-2.2592023015022278e-05,-4.597008228302002e-06,-2.1675601601600647e-05]"
NLU/output/glue/rte_allocator/genetic_budgeted_calibrated/ali_last_seed45_budget0.94/telemetry.jsonl,rank_telemetry.v1,genetic_budgeted_calibrated,45,0,900,914.5153490190005,5,candidate_005,"[""deberta.encoder.layer.8.attention.self.query_proj""]",1,1537,greedy_neighborhood,false,-1.5246371428171793e-05,1.1791128991370277e-05,-2.1141935923856932e-05,-9.919565015075988e-09,true,,"[-1.5439465641975403e-05,-2.9589980840682983e-05,-7.096678018569946e-07]"
NLU/output/glue/rte_allocator/genetic_budgeted_calibrated/ali_last_seed45_budget0.94/telemetry.jsonl,rank_telemetry.v1,genetic_budgeted_calibrated,45,0,900,914.5153490190005,6,candidate_006,[],0,0,zero_rank,false,0.0,0.0,0.0,0.0,true,,"[0.0,0.0,0.0]"
NLU/output/glue/rte_allocator/genetic_budgeted_calibrated/ali_last_seed45_budget0.94/telemetry.jsonl,rank_telemetry.v1,genetic_budgeted_calibrated,45,0,1000,1020.2304979760011,0,candidate_000,"[""deberta.encoder.layer.2.intermediate.dense"",""deberta.encoder.layer.3.intermediate.dense"",""deberta.encoder.layer.5.intermediate.dense"",""deberta.encoder.layer.7.intermediate.dense"",""deberta.encoder.layer.8.attention.self.query_proj""]",5,16901,greedy_anchor,false,-0.0029716864228248596,0.00413005374418878,-0.0050367132949192496,-1.7582902921867697e-07,true,,"[-0.008812448009848595,-6.33038580417633e-05,-3.9307400584220886e-05]"
NLU/output/glue/rte_allocator/genetic_budgeted_calibrated/ali_last_seed45_budget0.94/telemetry.jsonl,rank_telemetry.v1,genetic_budgeted_calibrated,45,0,1000,1020.2304979760011,1,candidate_001,"[""deberta.encoder.layer.6.attention.self.value_proj"",""deberta.encoder.layer.8.attention.self.query_proj""]",2,3074,greedy_neighborhood,false,-8.705382545789083e-06,9.350986389618224e-06,-1.3380875740598196e-05,-2.8319396700680166e-09,true,,"[-2.1925196051597595e-05,-2.3934990167617798e-06,-1.7974525690078735e-06]"
NLU/output/glue/rte_allocator/genetic_budgeted_calibrated/ali_last_seed45_budget0.94/telemetry.jsonl,rank_telemetry.v1,genetic_budgeted_calibrated,45,0,1000,1020.2304979760011,2,candidate_002,"[""deberta.encoder.layer.3.output.dense"",""deberta.encoder.layer.5.output.dense"",""deberta.encoder.layer.6.output.dense"",""deberta.encoder.layer.9.attention.self.query_proj"",""deberta.encoder.layer.10.output.dense""]",5,16901,global_ga,false,-1.4105811715126038e-05,1.5792191108040946e-05,-2.200190726914651e-05,-8.346140296506738e-10,true,,"[4.850327968597412e-06,-1.3357028365135193e-05,-3.381073474884033e-05]"
NLU/output/glue/rte_allocator/genetic_budgeted_calibrated/ali_last_seed45_budget0.94/telemetry.jsonl,rank_telemetry.v1,genetic_budgeted_calibrated,45,0,1000,1020.2304979760011,3,candidate_003,"[""deberta.encoder.layer.9.attention.self.query_proj""]",1,1537,greedy_neighborhood,false,1.796210805575053e-06,1.7017436068342825e-05,-6.7125072285963595e-06,1.1686472385003598e-09,true,,"[2.5859102606773376e-05,-9.885057806968689e-06,-1.0585412383079529e-05]"
NLU/output/glue/rte_allocator/genetic_budgeted_calibrated/ali_last_seed45_budget0.94/telemetry.jsonl,rank_telemetry.v1,genetic_budgeted_calibrated,45,0,1000,1020.2304979760011,4,candidate_004,"[""deberta.encoder.layer.3.intermediate.dense"",""deberta.encoder.layer.7.intermediate.dense"",""deberta.encoder.layer.8.attention.self.key_proj"",""deberta.encoder.layer.9.intermediate.dense""]",4,13060,global_ga,false,-0.003561121722062429,0.004874501857284331,-0.0059983726507045945,-2.7267394502775106e-07,true,,"[-0.010454611852765083,-0.00014596618711948395,-8.278712630271912e-05]"
NLU/output/glue/rte_allocator/genetic_budgeted_calibrated/ali_last_seed45_budget0.94/telemetry.jsonl,rank_telemetry.v1,genetic_budgeted_calibrated,45,0,1000,1020.2304979760011,5,candidate_005,"[""deberta.encoder.layer.8.attention.self.query_proj""]",1,1537,greedy_neighborhood,true,1.539165774981181e-06,2.7555224421252266e-06,1.6140455391856758e-07,1.0014090923755244e-09,true,,"[2.9578804969787598e-06,3.973022103309631e-06,-2.3134052753448486e-06]"
NLU/output/glue/rte_allocator/genetic_budgeted_calibrated/ali_last_seed45_budget0.94/telemetry.jsonl,rank_telemetry.v1,genetic_budgeted_calibrated,45,0,1000,1020.2304979760011,6,candidate_006,[],0,0,zero_rank,false,0.0,0.0,0.0,0.0,true,,"[0.0,0.0,0.0]"
NLU/output/glue/rte_allocator/genetic_budgeted_calibrated/ali_last_seed45_budget0.94/telemetry.jsonl,rank_telemetry.v1,genetic_budgeted_calibrated,45,0,1100,1126.1458026070013,0,candidate_000,"[""deberta.encoder.layer.3.intermediate.dense"",""deberta.encoder.layer.5.intermediate.dense"",""deberta.encoder.layer.6.attention.self.value_proj"",""deberta.encoder.layer.6.attention.output.dense"",""deberta.encoder.layer.7.intermediate.dense""]",5,14597,greedy_anchor,false,0.0001736171543598175,0.0002564730063407109,4.5380651189462056e-05,1.1894029893801296e-08,true,,"[0.0005360320210456848,5.027279257774353e-06,-2.0207837224006653e-05]"
NLU/output/glue/rte_allocator/genetic_budgeted_calibrated/ali_last_seed45_budget0.94/telemetry.jsonl,rank_telemetry.v1,genetic_budgeted_calibrated,45,0,1100,1126.1458026070013,1,candidate_001,"[""deberta.encoder.layer.6.attention.output.dense"",""deberta.encoder.layer.7.intermediate.dense""]",2,5378,greedy_neighborhood,true,0.00014106370508670807,0.00017828462149253128,5.192139434044243e-05,2.6229770376851632e-08,true,,"[0.0003909748047590256,4.5029446482658386e-05,-1.2813135981559753e-05]"
NLU/output/glue/rte_allocator/genetic_budgeted_calibrated/ali_last_seed45_budget0.94/telemetry.jsonl,rank_telemetry.v1,genetic_budgeted_calibrated,45,0,1100,1126.1458026070013,2,candidate_002,"[""deberta.encoder.layer.0.intermediate.dense"",""deberta.encoder.layer.5.output.dense"",""deberta.encoder.layer.8.attention.self.query_proj"",""deberta.encoder.layer.8.intermediate.dense"",""deberta.encoder.layer.10.output.dense""]",5,16901,global_ga,false,0.00013485116263230643,0.0002120825390008278,2.8809893131892528e-05,7.978886612171258e-09,true,,"[0.00043417327105998993,1.7192214727401733e-06,-3.133900463581085e-05]"
NLU/output/glue/rte_allocator/genetic_budgeted_calibrated/ali_last_seed45_budget0.94/telemetry.jsonl,rank_telemetry.v1,genetic_budgeted_calibrated,45,0,1100,1126.1458026070013,3,candidate_003,"[""deberta.encoder.layer.8.attention.self.query_proj""]",1,1537,greedy_neighborhood,false,-1.0897095004717508e-05,1.893396995030869e-05,-2.0364079979871853e-05,-7.089847107818808e-09,true,,"[-3.752671182155609e-05,4.844740033149719e-06,-9.313225746154785e-09]"
NLU/output/glue/rte_allocator/genetic_budgeted_calibrated/ali_last_seed45_budget0.94/telemetry.jsonl,rank_telemetry.v1,genetic_budgeted_calibrated,45,0,1100,1126.1458026070013,4,candidate_004,"[""deberta.encoder.layer.5.attention.output.dense"",""deberta.encoder.layer.5.intermediate.dense"",""deberta.encoder.layer.6.attention.self.value_proj"",""deberta.encoder.layer.8.attention.self.query_proj""]",4,8452,global_ga,false,8.571830888589223e-05,0.0001228064777035451,2.431507003411967e-05,1.0141778145514934e-08,true,,"[0.0002593919634819031,-1.6111880540847778e-06,-6.258487701416016e-07]"
NLU/output/glue/rte_allocator/genetic_budgeted_calibrated/ali_last_seed45_budget0.94/telemetry.jsonl,rank_telemetry.v1,genetic_budgeted_calibrated,45,0,1100,1126.1458026070013,5,candidate_005,"[""deberta.encoder.layer.5.intermediate.dense""]",1,3841,greedy_neighborhood,false,9.936032195885976e-05,0.00015920185486761448,1.9759394525052518e-05,2.5868347294678407e-08,true,,"[0.0003238413482904434,-2.784840762615204e-05,2.088025212287903e-06]"
NLU/output/glue/rte_allocator/genetic_budgeted_calibrated/ali_last_seed45_budget0.94/telemetry.jsonl,rank_telemetry.v1,genetic_budgeted_calibrated,45,0,1100,1126.1458026070013,6,candidate_006,[],0,0,zero_rank,false,0.0,0.0,0.0,0.0,true,,"[0.0,0.0,0.0]"
NLU/output/glue/rte_allocator/genetic_budgeted_calibrated/ali_last_seed45_budget0.94/telemetry.jsonl,rank_telemetry.v1,genetic_budgeted_calibrated,45,0,1200,1232.4487100590013,0,candidate_000,"[""deberta.encoder.layer.2.intermediate.dense"",""deberta.encoder.layer.3.intermediate.dense"",""deberta.encoder.layer.5.intermediate.dense"",""deberta.encoder.layer.9.attention.self.value_proj"",""deberta.encoder.layer.9.intermediate.dense""]",5,16901,greedy_anchor,false,-0.0005477325369914373,0.0004904913894182786,-0.0007929782317005766,-3.240829163904132e-08,true,,"[-0.00030031241476535797,-0.001232655718922615,-0.0001102294772863388]"
NLU/output/glue/rte_allocator/genetic_budgeted_calibrated/ali_last_seed45_budget0.94/telemetry.jsonl,rank_telemetry.v1,genetic_budgeted_calibrated,45,0,1200,1232.4487100590013,1,candidate_001,"[""deberta.encoder.layer.3.intermediate.dense"",""deberta.encoder.layer.5.intermediate.dense""]",2,7682,greedy_neighborhood,false,-7.631815969944e-05,0.00015741660892243083,-0.00015502646416065542,-9.934673223046082e-09,true,,"[-3.8528814911842346e-05,-0.00028521008789539337,9.478442370891571e-05]"
NLU/output/glue/rte_allocator/genetic_budgeted_calibrated/ali_last_seed45_budget0.94/telemetry.jsonl,rank_telemetry.v1,genetic_budgeted_calibrated,45,0,1200,1232.4487100590013,2,candidate_002,"[""deberta.encoder.layer.5.output.dense"",""deberta.encoder.layer.7.attention.self.value_proj"",""deberta.encoder.layer.8.intermediate.dense"",""deberta.encoder.layer.10.output.dense"",""deberta.encoder.layer.11.intermediate.dense""]",5,16901,global_ga,false,-1.1079013347625732e-05,0.00010044218814999087,-6.130010742262117e-05,-6.555241315677021e-10,true,,"[-0.00014007464051246643,0.00010492652654647827,1.911073923110962e-06]"
NLU/output/glue/rte_allocator/genetic_budgeted_calibrated/ali_last_seed45_budget0.94/telemetry.jsonl,rank_telemetry.v1,genetic_budgeted_calibrated,45,0,1200,1232.4487100590013,3,candidate_003,"[""deberta.encoder.layer.7.attention.self.value_proj""]",1,1537,greedy_neighborhood,false,-1.0306636492411295e-05,1.4933379797112599e-05,-1.7773326390967595e-05,-6.705684119981324e-09,true,,"[7.925555109977722e-06,-2.8653070330619812e-05,-1.0192394256591797e-05]"
NLU/output/glue/rte_allocator/genetic_budgeted_calibrated/ali_last_seed45_budget0.94/telemetry.jsonl,rank_telemetry.v1,genetic_budgeted_calibrated,45,0,1200,1232.4487100590013,4,candidate_004,"[""deberta.encoder.layer.0.attention.self.key_proj"",""deberta.encoder.layer.2.intermediate.dense"",""deberta.encoder.layer.5.attention.self.key_proj"",""deberta.encoder.layer.7.attention.self.value_proj"",""deberta.encoder.layer.9.attention.self.value_proj""]",5,9989,global_ga,false,-7.00540840625763e-05,0.00012509036456320825,-0.00013259926634418042,-7.013122841383151e-09,true,,"[2.25752592086792e-05,-0.0002468917518854141,1.4154240489006042e-05]"
NLU/output/glue/rte_allocator/genetic_budgeted_calibrated/ali_last_seed45_budget0.94/telemetry.jsonl,rank_telemetry.v1,genetic_budgeted_calibrated,45,0,1200,1232.4487100590013,5,candidate_005,"[""deberta.encoder.layer.5.intermediate.dense""]",1,3841,greedy_neighborhood,false,-4.8201531171798706e-05,0.00011653778540067119,-0.00010647042387213431,-1.2549214051496669e-08,true,,"[1.3031065464019775e-05,-0.0002113301306962967,5.36944717168808e-05]"
NLU/output/glue/rte_allocator/genetic_budgeted_calibrated/ali_last_seed45_budget0.94/telemetry.jsonl,rank_telemetry.v1,genetic_budgeted_calibrated,45,0,1200,1232.4487100590013,6,candidate_006,[],0,0,zero_rank,true,0.0,0.0,0.0,0.0,true,,"[0.0,0.0,0.0]"
NLU/output/glue/rte_allocator/genetic_budgeted_calibrated/ali_last_seed45_budget0.94/telemetry.jsonl,rank_telemetry.v1,genetic_budgeted_calibrated,45,0,1300,1336.9460493590013,0,candidate_000,"[""deberta.encoder.layer.4.attention.output.dense"",""deberta.encoder.layer.5.attention.output.dense"",""deberta.encoder.layer.5.intermediate.dense"",""deberta.encoder.layer.6.attention.self.value_proj"",""deberta.encoder.layer.9.intermediate.dense""]",5,12293,greedy_anchor,false,-0.0013296793525417645,0.0018711950385305964,-0.002265276871807063,-1.081655700432575e-07,true,,"[-3.91155481338501e-08,-0.003975938074290752,-1.306086778640747e-05]"
NLU/output/glue/rte_allocator/genetic_budgeted_calibrated/ali_last_seed45_budget0.94/telemetry.jsonl,rank_telemetry.v1,genetic_budgeted_calibrated,45,0,1300,1336.9460493590013,1,candidate_001,"[""deberta.encoder.layer.5.attention.output.dense"",""deberta.encoder.layer.5.intermediate.dense""]",2,5378,greedy_neighborhood,false,-0.000577844058473905,0.0008187464970103063,-0.0009872173069790581,-1.0744590153847247e-07,true,,"[-7.441267371177673e-07,-0.0017357245087623596,2.9364600777626038e-06]"
NLU/output/glue/rte_allocator/genetic_budgeted_calibrated/ali_last_seed45_budget0.94/telemetry.jsonl,rank_telemetry.v1,genetic_budgeted_calibrated,45,0,1300,1336.9460493590013,2,candidate_002,"[""deberta.encoder.layer.0.intermediate.dense"",""deberta.encoder.layer.6.output.dense"",""deberta.encoder.layer.7.output.dense"",""deberta.encoder.layer.8.intermediate.dense"",""deberta.encoder.layer.9.output.dense""]",5,19205,global_ga,false,-0.0015001045539975166,0.002100720344403762,-0.0025504647261993976,-7.811010434769678e-08,true,,"[-3.0957162380218506e-06,-0.004470941610634327,-2.627633512020111e-05]"
NLU/output/glue/rte_allocator/genetic_budgeted_calibrated/ali_last_seed45_budget0.94/telemetry.jsonl,rank_telemetry.v1,genetic_budgeted_calibrated,45,0,1300,1336.9460493590013,3,candidate_003,"[""deberta.encoder.layer.3.attention.output.dense""]",1,1537,greedy_neighborhood,true,3.378000110387802e-05,4.9474867394296343e-05,9.04256740672985e-06,2.1977879703238792e-08,true,,"[-2.3096799850463867e-07,0.00010373909026384354,-2.168118953704834e-06]"
NLU/output/glue/rte_allocator/genetic_budgeted_calibrated/ali_last_seed45_budget0.94/telemetry.jsonl,rank_telemetry.v1,genetic_budgeted_calibrated,45,0,1300,1336.9460493590013,4,candidate_004,"[""deberta.encoder.layer.1.attention.self.query_proj"",""deberta.encoder.layer.5.attention.self.key_proj"",""deberta.encoder.layer.5.intermediate.dense"",""deberta.encoder.layer.9.intermediate.dense""]",4,10756,global_ga,false,-0.001370851881802082,0.0019295827619221265,-0.0023356432627631455,-1.2744997041670529e-07,true,,"[-1.6884878277778625e-06,-0.004099688492715359,-1.1178664863109589e-05]"
NLU/output/glue/rte_allocator/genetic_budgeted_calibrated/ali_last_seed45_budget0.94/telemetry.jsonl,rank_telemetry.v1,genetic_budgeted_calibrated,45,0,1300,1336.9460493590013,5,candidate_005,"[""deberta.encoder.layer.5.intermediate.dense""]",1,3841,greedy_neighborhood,false,-0.0006844901169339815,0.0009694983962619094,-0.0011692393150649362,-1.7820622674667574e-07,true,,"[-1.016072928905487e-06,-0.0020555658265948296,3.1115487217903137e-06]"
NLU/output/glue/rte_allocator/genetic_budgeted_calibrated/ali_last_seed45_budget0.94/telemetry.jsonl,rank_telemetry.v1,genetic_budgeted_calibrated,45,0,1300,1336.9460493590013,6,candidate_006,[],0,0,zero_rank,false,0.0,0.0,0.0,0.0,true,,"[0.0,0.0,0.0]"
NLU/output/glue/rte_allocator/genetic_budgeted_calibrated/ali_last_seed45_budget0.94/telemetry.jsonl,rank_telemetry.v1,genetic_budgeted_calibrated,45,0,1400,1445.9939185420008,0,candidate_000,"[""deberta.encoder.layer.4.attention.output.dense"",""deberta.encoder.layer.5.intermediate.dense"",""deberta.encoder.layer.6.attention.self.value_proj"",""deberta.encoder.layer.9.attention.self.value_proj"",""deberta.encoder.layer.9.intermediate.dense""]",5,12293,greedy_anchor,false,-0.004051182108620803,0.004401784174295123,-0.006252074195768365,-3.2955194896451664e-07,true,,"[-0.010147163644433022,8.896831423044205e-05,-0.002095350995659828]"
NLU/output/glue/rte_allocator/genetic_budgeted_calibrated/ali_last_seed45_budget0.94/telemetry.jsonl,rank_telemetry.v1,genetic_budgeted_calibrated,45,0,1400,1445.9939185420008,1,candidate_001,"[""deberta.encoder.layer.5.intermediate.dense"",""deberta.encoder.layer.9.attention.self.value_proj""]",2,5378,greedy_neighborhood,false,-0.0007488147045175234,0.0008302868441261129,-0.0011639581265805799,-1.3923665015201252e-07,true,,"[-0.0018936414271593094,4.963669925928116e-05,-0.0004024393856525421]"
NLU/output/glue/rte_allocator/genetic_budgeted_calibrated/ali_last_seed45_budget0.94/telemetry.jsonl,rank_telemetry.v1,genetic_budgeted_calibrated,45,0,1400,1445.9939185420008,2,candidate_002,"[""deberta.encoder.layer.0.attention.self.query_proj"",""deberta.encoder.layer.0.intermediate.dense"",""deberta.encoder.layer.3.attention.output.dense"",""deberta.encoder.layer.5.output.dense"",""deberta.encoder.layer.8.output.dense""]",5,14597,global_ga,false,-0.000881160298983256,0.0012881763827758627,-0.0015252484903711873,-6.03658490774307e-08,true,,"[-0.002702913247048855,2.659577876329422e-05,3.283657133579254e-05]"
NLU/output/glue/rte_allocator/genetic_budgeted_calibrated/ali_last_seed45_budget0.94/telemetry.jsonl,rank_telemetry.v1,genetic_budgeted_calibrated,45,0,1400,1445.9939185420008,3,candidate_003,"[""deberta.encoder.layer.3.attention.output.dense""]",1,1537,greedy_neighborhood,true,1.78460031747818e-05,2.1516074242271712e-05,7.087966053645943e-06,1.1610932449435133e-08,true,,"[4.721060395240784e-05,1.007039099931717e-05,-3.742985427379608e-06]"
NLU/output/glue/rte_allocator/genetic_budgeted_calibrated/ali_last_seed45_budget0.94/telemetry.jsonl,rank_telemetry.v1,genetic_budgeted_calibrated,45,0,1400,1445.9939185420008,4,candidate_004,"[""deberta.encoder.layer.0.intermediate.dense"",""deberta.encoder.layer.2.attention.self.value_proj"",""deberta.encoder.layer.7.intermediate.dense"",""deberta.encoder.layer.9.attention.self.value_proj""]",4,10756,global_ga,false,-0.0005333985512455305,0.0005449443762327729,-0.0008058707393619169,-4.9590791302113286e-08,true,,"[-0.00044357310980558395,8.455757051706314e-05,-0.0012411801144480705]"
NLU/output/glue/rte_allocator/genetic_budgeted_calibrated/ali_last_seed45_budget0.94/telemetry.jsonl,rank_telemetry.v1,genetic_budgeted_calibrated,45,0,1400,1445.9939185420008,5,candidate_005,"[""deberta.encoder.layer.4.attention.output.dense"",""deberta.encoder.layer.5.intermediate.dense""]",2,5378,greedy_neighborhood,false,-0.0007723312204082807,0.0010731991920135866,-0.001308930816415074,-1.4360937530834525e-07,true,,"[-0.0022897841408848763,-3.8848258554935455e-05,1.1638738214969635e-05]"
NLU/output/glue/rte_allocator/genetic_budgeted_calibrated/ali_last_seed45_budget0.94/telemetry.jsonl,rank_telemetry.v1,genetic_budgeted_calibrated,45,0,1400,1445.9939185420008,6,candidate_006,[],0,0,zero_rank,false,0.0,0.0,0.0,0.0,true,,"[0.0,0.0,0.0]"
NLU/output/glue/rte_allocator/genetic_budgeted_calibrated/ali_last_seed45_budget0.94/telemetry.jsonl,rank_telemetry.v1,genetic_budgeted_calibrated,45,0,1500,1548.3337443050004,0,candidate_000,"[""deberta.encoder.layer.2.intermediate.dense"",""deberta.encoder.layer.3.intermediate.dense"",""deberta.encoder.layer.4.attention.output.dense"",""deberta.encoder.layer.5.intermediate.dense"",""deberta.encoder.layer.6.attention.self.value_proj""]",5,14597,greedy_anchor,false,4.365419348080953e-06,1.7077093825190458e-05,-4.173127564514276e-06,2.9906277646646245e-10,true,,"[-1.470465213060379e-05,2.673361450433731e-05,1.0672956705093384e-06]"
NLU/output/glue/rte_allocator/genetic_budgeted_calibrated/ali_last_seed45_budget0.94/telemetry.jsonl,rank_telemetry.v1,genetic_budgeted_calibrated,45,0,1500,1548.3337443050004,1,candidate_001,"[""deberta.encoder.layer.5.attention.output.dense"",""deberta.encoder.layer.5.intermediate.dense""]",2,5378,greedy_neighborhood,false,1.003375897804896e-05,6.0347066106181215e-06,7.016405672739899e-06,1.865704532920967e-09,true,,"[1.4321878552436829e-05,1.4279969036579132e-05,1.4994293451309204e-06]"
NLU/output/glue/rte_allocator/genetic_budgeted_calibrated/ali_last_seed45_budget0.94/telemetry.jsonl,rank_telemetry.v1,genetic_budgeted_calibrated,45,0,1500,1548.3337443050004,2,candidate_002,"[""deberta.encoder.layer.0.intermediate.dense"",""deberta.encoder.layer.2.intermediate.dense"",""deberta.encoder.layer.3.attention.output.dense"",""deberta.encoder.layer.8.output.dense"",""deberta.encoder.layer.11.attention.self.key_proj""]",5,14597,global_ga,false,-7.267513622840245e-05,5.2986113070344155e-05,-9.916819276357454e-05,-4.978772092101284e-09,true,,"[-0.00013520102947950363,-5.646608769893646e-06,-7.717777043581009e-05]"
NLU/output/glue/rte_allocator/genetic_budgeted_calibrated/ali_last_seed45_budget0.94/telemetry.jsonl,rank_telemetry.v1,genetic_budgeted_calibrated,45,0,1500,1548.3337443050004,3,candidate_003,"[""deberta.encoder.layer.11.attention.self.key_proj""]",1,1537,greedy_neighborhood,false,-6.474523494640987e-05,3.560054055567345e-05,-8.254550522424658e-05,-4.21244209150357e-08,true,,"[-5.059968680143356e-05,-2.9972754418849945e-05,-0.00011366326361894608]"
NLU/output/glue/rte_allocator/genetic_budgeted_calibrated/ali_last_seed45_budget0.94/telemetry.jsonl,rank_telemetry.v1,genetic_budgeted_calibrated,45,0,1500,1548.3337443050004,4,candidate_004,"[""deberta.encoder.layer.1.attention.self.query_proj"",""deberta.encoder.layer.1.intermediate.dense"",""deberta.encoder.layer.5.intermediate.dense"",""deberta.encoder.layer.6.attention.self.query_proj""]",4,10756,global_ga,true,1.9718892872333527e-05,9.511647016136109e-06,1.4963069364265473e-05,1.8332923830730314e-09,true,,"[3.0278228223323822e-05,2.1656043827533722e-05,7.222406566143036e-06]"
NLU/output/glue/rte_allocator/genetic_budgeted_calibrated/ali_last_seed45_budget0.94/telemetry.jsonl,rank_telemetry.v1,genetic_budgeted_calibrated,45,0,1500,1548.3337443050004,5,candidate_005,"[""deberta.encoder.layer.4.attention.output.dense""]",1,1537,greedy_neighborhood,false,1.2482826908429463e-06,2.116494203323985e-06,1.9003558918095389e-07,8.121552965796658e-10,true,,"[4.112720489501953e-06,5.681067705154419e-07,-9.359791874885559e-07]"
NLU/output/glue/rte_allocator/genetic_budgeted_calibrated/ali_last_seed45_budget0.94/telemetry.jsonl,rank_telemetry.v1,genetic_budgeted_calibrated,45,0,1500,1548.3337443050004,6,candidate_006,[],0,0,zero_rank,false,0.0,0.0,0.0,0.0,true,,"[0.0,0.0,0.0]"
NLU/output/glue/rte_allocator/genetic_budgeted_calibrated/ali_last_seed45_budget0.94/telemetry.jsonl,rank_telemetry.v1,genetic_budgeted_calibrated,45,0,1600,1654.4988000440007,0,candidate_000,"[""deberta.encoder.layer.4.attention.output.dense"",""deberta.encoder.layer.5.attention.output.dense"",""deberta.encoder.layer.6.attention.self.value_proj"",""deberta.encoder.layer.7.attention.self.value_proj"",""deberta.encoder.layer.9.attention.self.value_proj""]",5,7685,greedy_anchor,false,-5.396393438180287e-06,8.524099997232342e-06,-9.65844343679646e-06,-7.021982352869599e-10,true,,"[2.5890767574310303e-06,-1.7209909856319427e-05,-1.5683472156524658e-06]"
NLU/output/glue/rte_allocator/genetic_budgeted_calibrated/ali_last_seed45_budget0.94/telemetry.jsonl,rank_telemetry.v1,genetic_budgeted_calibrated,45,0,1600,1654.4988000440007,1,candidate_001,"[""deberta.encoder.layer.4.attention.output.dense"",""deberta.encoder.layer.6.attention.self.value_proj""]",2,3074,greedy_neighborhood,false,-2.6025809347629547e-06,1.5734143417244458e-06,-3.3892881056251775e-06,-8.466431147569794e-10,true,,"[-4.0279701352119446e-07,-3.992579877376556e-06,-3.4123659133911133e-06]"
NLU/output/glue/rte_allocator/genetic_budgeted_calibrated/ali_last_seed45_budget0.94/telemetry.jsonl,rank_telemetry.v1,genetic_budgeted_calibrated,45,0,1600,1654.4988000440007,2,candidate_002,"[""deberta.encoder.layer.0.intermediate.dense"",""deberta.encoder.layer.1.attention.self.query_proj"",""deberta.encoder.layer.1.output.dense"",""deberta.encoder.layer.5.output.dense"",""deberta.encoder.layer.6.attention.self.query_proj""]",5,14597,global_ga,false,-1.4984669784704844e-05,1.7406242488657062e-05,-2.3687791029033375e-05,-1.0265581821404975e-09,true,,"[-3.3464282751083374e-05,-1.9828323274850845e-05,8.338596671819687e-06]"
NLU/output/glue/rte_allocator/genetic_budgeted_calibrated/ali_last_seed45_budget0.94/telemetry.jsonl,rank_telemetry.v1,genetic_budgeted_calibrated,45,0,1600,1654.4988000440007,3,candidate_003,"[""deberta.encoder.layer.6.attention.self.query_proj""]",1,1537,greedy_neighborhood,false,-1.8137507140636444e-06,1.8287882167167254e-06,-2.728144822422007e-06,-1.1800590202105689e-09,true,,"[-5.131587386131287e-07,-4.400033503770828e-06,-5.280598998069763e-07]"
NLU/output/glue/rte_allocator/genetic_budgeted_calibrated/ali_last_seed45_budget0.94/telemetry.jsonl,rank_telemetry.v1,genetic_budgeted_calibrated,45,0,1600,1654.4988000440007,4,candidate_004,"[""deberta.encoder.layer.4.attention.output.dense"",""deberta.encoder.layer.6.attention.self.query_proj"",""deberta.encoder.layer.7.attention.self.value_proj"",""deberta.encoder.layer.8.attention.output.dense"",""deberta.encoder.layer.9.intermediate.dense""]",5,9989,global_ga,false,-3.774510696530342e-05,1.2716392427199221e-05,-4.410330317890303e-05,-3.778667230483875e-09,true,,"[-2.1097250282764435e-05,-5.195941776037216e-05,-4.0178652852773666e-05]"
NLU/output/glue/rte_allocator/genetic_budgeted_calibrated/ali_last_seed45_budget0.94/telemetry.jsonl,rank_telemetry.v1,genetic_budgeted_calibrated,45,0,1600,1654.4988000440007,5,candidate_005,"[""deberta.encoder.layer.6.attention.self.value_proj""]",1,1537,greedy_neighborhood,false,-2.69074613849322e-06,1.1966768082518808e-06,-3.2890845426191604e-06,-1.750648105721028e-09,true,,"[-1.0472722351551056e-06,-3.862194716930389e-06,-3.162771463394165e-06]"
NLU/output/glue/rte_allocator/genetic_budgeted_calibrated/ali_last_seed45_budget0.94/telemetry.jsonl,rank_telemetry.v1,genetic_budgeted_calibrated,45,0,1600,1654.4988000440007,6,candidate_006,[],0,0,zero_rank,true,0.0,0.0,0.0,0.0,true,,"[0.0,0.0,0.0]"
NLU/output/glue/rte_allocator/genetic_budgeted_calibrated/ali_last_seed46_budget0.94/telemetry.jsonl,rank_telemetry.v1,genetic_budgeted_calibrated,46,0,200,188.80619638500002,0,candidate_000,"[""deberta.encoder.layer.6.intermediate.dense"",""deberta.encoder.layer.7.attention.self.value_proj"",""deberta.encoder.layer.7.intermediate.dense"",""deberta.encoder.layer.10.attention.self.value_proj"",""deberta.encoder.layer.10.intermediate.dense""]",5,14597,greedy_anchor,false,0.014234532912572226,0.09345135117697331,-0.03249114267591443,9.751683847757912e-07,true,,"[0.12551236152648926,0.02034240961074829,-0.10315117239952087]"
NLU/output/glue/rte_allocator/genetic_budgeted_calibrated/ali_last_seed46_budget0.94/telemetry.jsonl,rank_telemetry.v1,genetic_budgeted_calibrated,46,0,200,188.80619638500002,1,candidate_001,"[""deberta.encoder.layer.6.intermediate.dense"",""deberta.encoder.layer.10.attention.self.value_proj""]",2,5378,greedy_neighborhood,false,-0.008080104986826578,0.013434572832173822,-0.014797391402913489,-1.5024367770224207e-06,true,,"[0.005459904670715332,-0.0033074617385864258,-0.026392757892608643]"
NLU/output/glue/rte_allocator/genetic_budgeted_calibrated/ali_last_seed46_budget0.94/telemetry.jsonl,rank_telemetry.v1,genetic_budgeted_calibrated,46,0,200,188.80619638500002,2,candidate_002,"[""deberta.encoder.layer.0.intermediate.dense"",""deberta.encoder.layer.0.output.dense"",""deberta.encoder.layer.2.attention.self.key_proj"",""deberta.encoder.layer.5.attention.output.dense"",""deberta.encoder.layer.11.intermediate.dense""]",5,14597,global_ga,false,0.00036397576332092285,0.001919363457302387,-0.0005957059653302707,2.4934970426863248e-08,true,,"[0.0030542612075805664,-0.0006685853004455566,-0.0012937486171722412]"
NLU/output/glue/rte_allocator/genetic_budgeted_calibrated/ali_last_seed46_budget0.94/telemetry.jsonl,rank_telemetry.v1,genetic_budgeted_calibrated,46,0,200,188.80619638500002,3,candidate_003,"[""deberta.encoder.layer.2.attention.self.key_proj""]",1,1537,greedy_neighborhood,false,-1.047054926554362e-05,0.0005711659061071456,-0.00029605350231911643,-6.812328734901509e-09,true,,"[0.0007852315902709961,-0.0005286931991577148,-0.0002879500389099121]"
NLU/output/glue/rte_allocator/genetic_budgeted_calibrated/ali_last_seed46_budget0.94/telemetry.jsonl,rank_telemetry.v1,genetic_budgeted_calibrated,46,0,200,188.80619638500002,4,candidate_004,"[""deberta.encoder.layer.2.attention.self.key_proj"",""deberta.encoder.layer.5.attention.output.dense"",""deberta.encoder.layer.6.intermediate.dense"",""deberta.encoder.layer.10.attention.self.value_proj""]",4,8452,global_ga,false,-0.00825763742129008,0.014337452332326316,-0.015426363587453237,-9.770039542463416e-07,true,,"[0.006810486316680908,-0.004041910171508789,-0.02754148840904236]"
NLU/output/glue/rte_allocator/genetic_budgeted_calibrated/ali_last_seed46_budget0.94/telemetry.jsonl,rank_telemetry.v1,genetic_budgeted_calibrated,46,0,200,188.80619638500002,5,candidate_005,"[""deberta.encoder.layer.6.intermediate.dense""]",1,3841,greedy_neighborhood,false,0.001833041508992513,0.013858123402914667,-0.005096020192464821,4.772302809144788e-07,true,,"[0.018798530101776123,0.001847386360168457,-0.015146791934967041]"
NLU/output/glue/rte_allocator/genetic_budgeted_calibrated/ali_last_seed46_budget0.94/telemetry.jsonl,rank_telemetry.v1,genetic_budgeted_calibrated,46,0,200,188.80619638500002,6,candidate_006,[],0,0,zero_rank,true,0.0,0.0,0.0,0.0,true,,"[0.0,0.0,0.0]"
NLU/output/glue/rte_allocator/genetic_budgeted_calibrated/ali_last_seed46_budget0.94/telemetry.jsonl,rank_telemetry.v1,genetic_budgeted_calibrated,46,0,300,294.1284271710001,0,candidate_000,"[""deberta.encoder.layer.6.intermediate.dense"",""deberta.encoder.layer.7.intermediate.dense"",""deberta.encoder.layer.8.intermediate.dense"",""deberta.encoder.layer.10.attention.self.value_proj"",""deberta.encoder.layer.10.intermediate.dense""]",5,16901,greedy_anchor,false,,,,,false,non_finite_calibration_gradient,"[-0.288105845451355,-0.24383216351270676,""NaN""]"
NLU/output/glue/rte_allocator/genetic_budgeted_calibrated/ali_last_seed46_budget0.94/telemetry.jsonl,rank_telemetry.v1,genetic_budgeted_calibrated,46,0,300,294.1284271710001,1,candidate_001,"[""deberta.encoder.layer.6.intermediate.dense""]",1,3841,greedy_neighborhood,false,0.0065112486481666565,0.02257801136860936,-0.004777757036138024,1.6951962114466693e-06,true,,"[0.03821367025375366,-0.0060434117913246155,-0.012636512517929077]"
NLU/output/glue/rte_allocator/genetic_budgeted_calibrated/ali_last_seed46_budget0.94/telemetry.jsonl,rank_telemetry.v1,genetic_budgeted_calibrated,46,0,300,294.1284271710001,2,candidate_002,"[""deberta.encoder.layer.0.intermediate.dense"",""deberta.encoder.layer.1.output.dense"",""deberta.encoder.layer.3.intermediate.dense"",""deberta.encoder.layer.5.output.dense"",""deberta.encoder.layer.9.output.dense""]",5,19205,global_ga,false,0.0027595534920692444,0.0057053223791298565,-9.310769749568387e-05,1.4368932528348056e-07,true,,"[-0.002087503671646118,-0.0004031136631965637,0.010769277811050415]"
NLU/output/glue/rte_allocator/genetic_budgeted_calibrated/ali_last_seed46_budget0.94/telemetry.jsonl,rank_telemetry.v1,genetic_budgeted_calibrated,46,0,300,294.1284271710001,3,candidate_003,"[""deberta.encoder.layer.0.attention.self.key_proj""]",1,1537,greedy_neighborhood,false,-0.00023830682039260864,0.00047795816952775106,-0.0004772859051564842,-1.5504672764645974e-07,true,,"[0.00018775463104248047,3.1068921089172363e-06,-0.0009057819843292236]"
NLU/output/glue/rte_allocator/genetic_budgeted_calibrated/ali_last_seed46_budget0.94/telemetry.jsonl,rank_telemetry.v1,genetic_budgeted_calibrated,46,0,300,294.1284271710001,4,candidate_004,"[""deberta.encoder.layer.9.attention.self.key_proj"",""deberta.encoder.layer.10.attention.self.value_proj"",""deberta.encoder.layer.10.intermediate.dense""]",3,6915,global_ga,false,-0.23122665037711462,0.056394511863977696,-0.25942390630910345,-3.3438416540435954e-05,true,,"[-0.23965108394622803,-0.1583319529891014,-0.2956969141960144]"
NLU/output/glue/rte_allocator/genetic_budgeted_calibrated/ali_last_seed46_budget0.94/telemetry.jsonl,rank_telemetry.v1,genetic_budgeted_calibrated,46,0,300,294.1284271710001,5,candidate_005,"[""deberta.encoder.layer.8.intermediate.dense""]",1,3841,greedy_neighborhood,false,-0.03841948757568995,0.04546774944890532,-0.06115336230014261,-1.0002470079586032e-05,true,,"[-0.10234040021896362,-0.012505687773227692,-0.00041237473487854004]"
NLU/output/glue/rte_allocator/genetic_budgeted_calibrated/ali_last_seed46_budget0.94/telemetry.jsonl,rank_telemetry.v1,genetic_budgeted_calibrated,46,0,300,294.1284271710001,6,candidate_006,[],0,0,zero_rank,true,0.0,0.0,0.0,0.0,true,,"[0.0,0.0,0.0]"
